from,to,step,type,amount,oldbalanceOrg,newbalanceOrig,oldbalanceDest,newbalanceDest,isFraud,isFlaggedFraud
1,1102,2,CASH_IN,84299.07,7929845.57,8014144.64,3781474.32,2560556.45,0,0
2,1103,1,PAYMENT,26035.82,0,0,0,0,0,0
3,1104,5,PAYMENT,2499.52,0,0,0,0,0,0
4,1105,2,PAYMENT,9633.82,6847,0,0,0,0,0
5,1106,3,PAYMENT,15323.44,9083,0,0,0,0,0
6,1107,1,CASH_IN,168451.53,30040.03,198491.56,707354.01,247063.16,0,0
7,1108,2,CASH_IN,63116.69,6308036.58,6371153.27,124106.53,34856.89,0,0
8,1109,5,PAYMENT,10122.53,60357.66,50235.13,0,0,0,0
9,1110,1,PAYMENT,3393.22,340661,337267.78,0,0,0,0
10,1111,1,PAYMENT,21820.68,0,0,0,0,0,0
11,1112,1,PAYMENT,9920.52,0,0,0,0,0,0
12,1113,1,PAYMENT,6226.79,50,0,0,0,0,0
13,1114,2,DEBIT,4215.24,17183,12967.76,6790591.7,6235766.54,0,0
14,1115,1,CASH_IN,91611.03,7338440.47,7430051.5,931831.94,424250.45,0,0
15,1116,1,DEBIT,3256.43,10935,7678.57,26222.91,29479.34,0,0
16,1117,1,PAYMENT,2223.41,17,0,0,0,0,0
17,1118,1,PAYMENT,12749.19,27552,14802.81,0,0,0,0
18,1119,5,PAYMENT,3864.48,21574,17709.52,0,0,0,0
19,1120,1,CASH_OUT,166817.98,0,0,721630,0,0,0
20,1102,1,CASH_IN,89327.65,943628.44,1032956.09,2063442.28,3940085.21,0,0
21,1121,1,PAYMENT,7868.9,601,0,0,0,0,0
22,1122,4,DEBIT,1113.43,19812,18698.57,43142.23,44255.66,0,0
23,1123,1,PAYMENT,10287.6,381747.41,371459.81,0,0,0,0
24,1124,1,PAYMENT,8787.63,50784,41996.37,0,0,0,0
25,1125,1,CASH_OUT,60360.45,0,0,94056.3,69756.86,0,0
26,1126,4,CASH_OUT,70994.78,27395.15,0,118532.8,189527.57,0,0
27,1127,1,CASH_IN,46757.44,8088504.7,8135262.14,814466.17,420946.86,0,0
28,1128,1,PAYMENT,6381.32,33008.44,26627.12,0,0,0,0
29,1129,1,DEBIT,2586.39,29859,27272.61,2013609.89,3420103.09,0,0
30,1130,5,CASH_OUT,247480.23,0,0,252667.53,298682.8,0,0
31,1131,1,CASH_IN,288438,1243137.72,1531575.72,2082750.45,1517262.16,0,0
32,1132,1,TRANSFER,902505.61,0,0,1571970.16,2719172.89,0,0
33,1133,3,PAYMENT,14878.76,315228.01,300349.25,0,0,0,0
34,1134,5,PAYMENT,3581.86,0,0,0,0,0,0
35,1135,1,CASH_OUT,191702.06,0,0,272624.5,971418.91,0,0
36,1131,1,DEBIT,8371.5,68673,60301.5,1517262.16,138395.49,0,0
37,1136,2,PAYMENT,4356.91,69486,65129.09,0,0,0,0
38,1137,1,PAYMENT,13268.46,5881.44,0,0,0,0,0
39,1138,5,PAYMENT,2728.03,27315,24586.97,0,0,0,0
40,1139,3,PAYMENT,1667.18,38567.04,36899.86,0,0,0,0
41,1140,1,PAYMENT,8358.81,3467,0,0,0,0,0
42,1129,1,TRANSFER,902485.36,0,0,2016196.28,3420103.09,0,0
43,1141,1,CASH_IN,147844.59,5981467.81,6129312.4,228843.79,130747.56,0,0
44,1142,1,CASH_IN,113287.66,5422922.33,5536209.99,113563.29,0,0,0
45,1108,1,TRANSFER,124041.53,33260,0,65,34856.89,0,0
46,1143,1,CASH_IN,173842.23,5674131,5847973.23,231914.67,66575.5,0,0
47,1144,1,PAYMENT,6579.9,11432,4852.1,0,0,0,0
48,1145,1,PAYMENT,7413.54,297689.58,290276.03,0,0,0,0
49,1146,3,DEBIT,4364.24,67233,62868.76,71903.08,76267.32,0,0
50,1147,1,PAYMENT,3076.45,897150.84,894074.39,0,0,0,0
51,1148,2,PAYMENT,1327.37,159579.68,158252.31,0,0,0,0
52,1146,1,CASH_IN,113486.72,674486.68,787973.4,185389.8,71903.08,0,0
53,1149,5,TRANSFER,145374.18,34060,0,12996.44,158370.61,0,0
54,1150,1,CASH_IN,92971.79,6588417.88,6681389.66,111367.94,0,0,0
55,1132,1,DEBIT,5130.16,542,0,2714042.74,2719172.89,0,0
56,1151,4,PAYMENT,5907.27,25146.89,19239.62,0,0,0,0
57,1152,2,PAYMENT,6373.61,41765,35391.39,0,0,0,0
58,1153,2,PAYMENT,7807.42,29982,22174.58,0,0,0,0
59,1154,2,PAYMENT,12956.39,23244.03,10287.64,0,0,0,0
60,1155,1,TRANSFER,182385.22,303937.25,121552.02,0,199873.79,0,0
61,1156,4,PAYMENT,6797.33,16020.25,9222.92,0,0,0,0
62,1157,1,CASH_IN,104605.78,4968145.5,5072751.28,207302.14,92307.65,0,0
63,1158,4,CASH_IN,311330.4,7090449.49,7401779.9,588251.66,259015.25,0,0
64,1159,2,CASH_OUT,65971.82,0,0,84212.94,10659.79,0,0
65,1160,1,PAYMENT,2358.9,5421,3062.1,0,0,0,0
66,1161,1,PAYMENT,3448.92,0,0,0,0,0,0
67,1162,1,CASH_OUT,111899.09,12998.94,0,10026771.77,16874643.09,0,0
68,1163,1,PAYMENT,6440.78,2192,0,0,0,0,0
69,1164,4,CASH_OUT,75146.85,0,0,77486,61986.75,0,0
70,1165,5,PAYMENT,3992.52,204038,200045.48,0,0,0,0
71,1166,2,PAYMENT,10909.31,11466,556.69,0,0,0,0
72,1167,3,DEBIT,1119.49,113022,111902.51,9818.27,10937.76,0,0
73,1168,2,PAYMENT,18782.2,0,0,0,0,0,0
74,1115,1,CASH_OUT,53569.21,0,0,683211.62,424250.45,0,0
75,1169,1,PAYMENT,10059.7,10776,716.3,0,0,0,0
76,1170,1,TRANSFER,244964.08,18879,0,19600,204822.85,0,0
77,1171,5,CASH_IN,185257.33,862146.7,1047404.03,5339957.55,5154700.22,0,0
78,1107,1,CASH_OUT,60850.8,0,0,230396.43,247063.16,0,0
79,1172,1,CASH_OUT,472609.82,0,0,515756.62,1363368.51,0,0
80,1173,5,PAYMENT,3003.85,24000,20996.15,0,0,0,0
81,1174,1,PAYMENT,5230.88,6048.08,817.21,0,0,0,0
82,1175,1,PAYMENT,2469.75,43821.12,41351.37,0,0,0,0
83,1176,1,CASH_IN,35902.49,371688.15,407590.65,49003.3,0,0,0
84,1177,2,DEBIT,7677.73,92385,84707.27,1236697.84,1070702.75,0,0
85,1115,4,CASH_IN,161141.8,734055.62,895197.42,354805.29,193663.49,0,0
86,1178,5,PAYMENT,1871.25,25474,23602.75,0,0,0,0
87,1179,3,PAYMENT,3361.21,89408.76,86047.54,0,0,0,0
88,1132,5,CASH_IN,31416.69,9802256.8,9833673.49,6963508.84,6932092.15,0,0
89,1180,2,PAYMENT,3503.31,12158,8654.69,0,0,0,0
90,1181,2,DEBIT,7888.3,325,0,57107,4770.58,0,0
91,1182,1,CASH_IN,317393.38,8906617.38,9224010.75,1175483.65,2107778.11,0,0
92,1115,1,CASH_IN,203148.34,2483228.64,2686376.98,1134980.28,424250.45,0,0
93,1183,4,CASH_OUT,54989.36,21326,0,43855.89,98845.26,0,0
94,1184,5,PAYMENT,16741.22,0,0,0,0,0,0
95,1185,1,PAYMENT,9269.99,12595.25,3325.26,0,0,0,0
96,1186,3,PAYMENT,1558.6,10937.76,9379.15,0,0,0,0
97,1162,1,CASH_OUT,335979.26,0,0,16754461.83,16874643.09,0,0
98,1129,1,CASH_IN,175443.85,3156649.13,3332092.98,2918681.63,3420103.09,0,0
99,1187,4,CASH_OUT,109648.19,0,0,289012.04,50620.17,0,0
100,1188,2,PAYMENT,2837.62,78501.17,75663.55,0,0,0,0
101,1189,5,PAYMENT,905.86,20018,19112.14,0,0,0,0
102,1190,2,CASH_IN,29929.77,7589709.15,7619638.92,42932.68,13002.91,0,0
103,1191,2,CASH_OUT,259448.64,0,0,440606.35,617488.4,0,0
104,1192,2,CASH_IN,155944.68,884484.19,1040428.87,2798692.37,1982491.06,0,0
105,1193,1,CASH_OUT,17851.54,0,0,32353,0,0,0
106,1194,5,PAYMENT,5743.03,50388,44644.97,0,0,0,0
107,1195,3,CASH_OUT,9804.05,4408.53,0,107159.07,118276.63,0,0
108,1196,1,CASH_IN,318209.62,1791595.57,2109805.18,2107965.39,1155321.27,0,0
109,1102,1,TRANSFER,679502.24,290,0,171866,3940085.21,0,0
110,1197,4,PAYMENT,200.47,31051,30850.53,0,0,0,0
111,1198,1,PAYMENT,2063.77,16064,14000.23,0,0,0,0
112,1199,1,PAYMENT,12061.28,11993,0,0,0,0,0
113,1200,1,PAYMENT,1880.05,20028,18147.95,0,0,0,0
114,1201,2,PAYMENT,13802.16,0,0,0,0,0,0
115,1202,1,CASH_IN,130280.74,2485074.59,2615355.34,10878600.55,10155564.02,0,0
116,1203,2,DEBIT,1654.94,146980,145325.06,11147,12801.94,0,0
117,1204,1,PAYMENT,7950.29,1343884.7,1335934.41,0,0,0,0
118,1205,3,TRANSFER,1610264.08,0,0,6349066.6,7810214.06,0,0
119,1206,3,PAYMENT,8137.28,29899,21761.72,0,0,0,0
120,1207,1,PAYMENT,1380.16,1800695.57,1799315.42,0,0,0,0
121,1208,1,PAYMENT,2231.28,12998,10766.72,0,0,0,0
122,1131,1,CASH_IN,194311.34,5256903.42,5451214.77,1127423.71,1517262.16,0,0
123,1196,4,CASH_OUT,12847.91,0,0,1099502.6,1741724.79,0,0
124,1209,1,PAYMENT,4247.14,49049.96,44802.82,0,0,0,0
125,1210,2,PAYMENT,1338.19,639366.21,638028.02,0,0,0,0
126,1211,1,DEBIT,3548.72,12427,8878.28,13271.31,16820.03,0,0
127,1212,1,PAYMENT,5575.09,5773,197.91,0,0,0,0
128,1213,2,PAYMENT,4878.63,52904,48025.37,0,0,0,0
129,1214,1,DEBIT,3014.72,31568,28553.28,25407.65,28422.37,0,0
130,1215,2,PAYMENT,956.17,759914.47,758958.3,0,0,0,0
131,1216,1,CASH_IN,18194.34,3324026.03,3342220.38,278369.57,53743.06,0,0
132,1217,2,PAYMENT,2391.38,38902,36510.62,0,0,0,0
133,1218,1,PAYMENT,8354.27,5611,0,0,0,0,0
134,1219,5,CASH_OUT,183088.01,0,0,673740.96,576353.3,0,0
135,1220,1,PAYMENT,1816.52,0,0,0,0,0,0
136,1221,1,PAYMENT,2707.76,62975,60267.24,0,0,0,0
137,1222,2,PAYMENT,2531.09,0,0,0,0,0,0
138,1223,1,TRANSFER,194351.55,59,0,10389.58,51574.35,0,0
139,1224,3,PAYMENT,2620.17,10931.74,8311.57,0,0,0,0
140,1192,3,CASH_OUT,23369.78,238449.79,215080.02,1959121.29,1982491.06,0,0
141,1225,1,PAYMENT,25642.6,0,0,0,0,0,0
142,1226,2,CASH_IN,116197.94,5864064,5980261.95,1091562,744264.96,0,0
143,1227,5,PAYMENT,6736.13,36602.62,29866.49,0,0,0,0
144,1228,1,PAYMENT,1977.17,43619,41641.83,0,0,0,0
145,1229,2,PAYMENT,3252.29,17939.28,14687,0,0,0,0
146,1230,4,PAYMENT,11627.71,0,0,0,0,0,0
147,1231,1,CASH_OUT,93459.27,0,0,410607.6,45982.28,0,0
148,1232,1,PAYMENT,6099.96,42133,36033.04,0,0,0,0
149,1233,2,PAYMENT,6490.35,78773.42,72283.07,0,0,0,0
150,1234,5,PAYMENT,7775.3,615460,607684.7,0,0,0,0
151,1235,3,PAYMENT,372.28,36620.96,36248.68,0,0,0,0
152,1236,1,PAYMENT,6376.99,357871,351494.01,0,0,0,0
153,1237,5,CASH_IN,366645.12,1718647.34,2085292.46,6800716.51,6434071.39,0,0
154,1238,2,PAYMENT,626.6,82471,81844.4,0,0,0,0
155,1239,2,PAYMENT,2316.7,48238,45921.3,0,0,0,0
156,1240,5,PAYMENT,3549.66,20228,16678.34,0,0,0,0
157,1241,4,PAYMENT,1760.01,165641,163880.99,0,0,0,0
158,1242,3,PAYMENT,991.75,16919,15927.25,0,0,0,0
159,1243,1,CASH_OUT,63830.49,0,0,412307.54,55974.56,0,0
160,1244,1,PAYMENT,7991.07,64676.15,56685.08,0,0,0,0
161,1245,2,CASH_IN,172485.68,3839070.78,4011556.46,434269.29,469207.53,0,0
162,1246,3,TRANSFER,2565.32,0,0,188715.38,344441.76,0,0
163,1247,3,PAYMENT,5521.09,134586,129064.91,0,0,0,0
164,1248,2,PAYMENT,2217.41,0,0,0,0,0,0
165,1249,1,DEBIT,12872.92,11197,0,51885,0,0,0
166,1226,1,CASH_OUT,132574,0,0,198207.11,965870.05,0,0
167,1250,4,CASH_OUT,20470.3,8028.75,0,31632,0,0,0
168,1226,3,CASH_IN,267812.03,5884578.8,6152390.83,2016248.17,1748436.14,0,0
169,1196,4,CASH_OUT,121598.71,0,0,1112350.5,1741724.79,0,0
170,1251,3,CASH_IN,143254.72,23669.02,166923.73,360326.58,84207.15,0,0
171,1252,2,DEBIT,4674.03,11556,6881.97,18641.45,23315.48,0,0
172,1253,1,DEBIT,194.4,30364,30169.6,29741.84,31469.78,0,0
173,1254,1,DEBIT,5149.66,4782,0,52752,24044.18,0,0
174,1255,4,PAYMENT,5678.23,0,0,0,0,0,0
175,1256,1,PAYMENT,6688.74,9207,2518.26,0,0,0,0
176,1257,1,CASH_IN,151862.38,2617803.34,2769665.72,158858.48,0,0,0
177,1258,3,PAYMENT,620.13,26082,25461.87,0,0,0,0
178,1243,1,CASH_OUT,296752.75,0,0,404814.81,55974.56,0,0
179,1259,1,PAYMENT,5184.9,283509,278324.1,0,0,0,0
180,1260,5,PAYMENT,5272.65,0,0,0,0,0,0
181,1261,5,CASH_OUT,247454.42,0,0,1640678.66,2554285.76,0,0
182,1262,1,PAYMENT,4018.12,140777,136758.88,0,0,0,0
183,1263,5,PAYMENT,1967.35,10492,8524.65,0,0,0,0
184,1264,4,CASH_IN,72495.9,1565628.31,1638124.21,1696458.27,1623962.37,0,0
185,1265,2,PAYMENT,34.22,0,0,0,0,0,0
186,1130,5,CASH_OUT,127127.67,0,0,298682.8,160101.66,0,0
187,1266,4,PAYMENT,2413.57,287,0,0,0,0,0
188,1267,1,PAYMENT,271.77,23550.87,23279.1,0,0,0,0
189,1268,1,TRANSFER,11136.72,0,0,16180.11,27316.83,0,0
190,1114,2,TRANSFER,1869161.56,0,0,2906551.06,6235766.54,0,0
191,1269,4,PAYMENT,1559.58,93733,92173.42,0,0,0,0
192,1270,4,CASH_OUT,8502.55,0,0,21130.68,29633.23,0,0
193,1271,2,PAYMENT,6808.86,9210.62,2401.76,0,0,0,0
194,1272,5,PAYMENT,642.27,41595,40952.73,0,0,0,0
195,1273,1,PAYMENT,8146.24,52330,44183.76,0,0,0,0
196,1274,1,PAYMENT,1068.45,11411,10342.55,0,0,0,0
197,1216,2,DEBIT,1377.34,16930,15552.66,55469.68,56847.02,0,0
198,1275,2,PAYMENT,7182,4534,0,0,0,0,0
199,1276,1,PAYMENT,7664.12,129,0,0,0,0,0
200,1277,1,PAYMENT,19316.5,0,0,0,0,0,0
201,1226,3,CASH_IN,196198.94,2798536.46,2994735.4,2321063.11,1748436.14,0,0
202,1278,1,PAYMENT,6534.05,11301,4766.95,0,0,0,0
203,1279,1,PAYMENT,3835.42,15782.02,11946.6,0,0,0,0
204,1187,5,CASH_OUT,48516.52,126750.74,78234.23,50620.17,99136.69,0,0
205,1251,2,CASH_OUT,58981.28,0,0,301345.29,360326.58,0,0
206,1280,4,CASH_IN,100669.53,2143395.3,2244064.83,1164113.02,1063443.49,0,0
207,1132,1,CASH_OUT,58516.68,17761.75,0,2655526.06,2719172.89,0,0
208,1177,4,CASH_IN,396469.72,5667494.55,6063964.27,614433.81,217964.09,0,0
209,1253,1,CASH_OUT,215338.28,0,0,285755.61,31469.78,0,0
210,1281,1,PAYMENT,5323.28,22141,16817.72,0,0,0,0
211,1282,1,PAYMENT,911.27,25688.81,24777.54,0,0,0,0
212,1283,1,CASH_OUT,1341.58,0,0,80341,557537.26,0,0
213,1261,1,DEBIT,1703.38,10372,8668.62,498502.75,593737.38,0,0
214,1284,1,PAYMENT,4508.96,74307.22,69798.26,0,0,0,0
215,1285,1,PAYMENT,13525.15,173,0,0,0,0,0
216,1286,5,CASH_IN,83707.76,5357121.18,5440828.93,166613.07,82905.31,0,0
217,1287,1,PAYMENT,10757.7,666,0,0,0,0,0
218,1181,2,CASH_IN,43249.45,9762954.05,9806203.5,48020.03,4770.58,0,0
219,1288,1,CASH_IN,201073.81,5484260.13,5685333.94,537766.76,1178808.14,0,0
220,1289,5,DEBIT,700.89,20814,20113.11,455303.33,181733.94,0,0
221,1127,1,CASH_OUT,14750.26,21989.58,7239.33,1096233.87,420946.86,0,0
222,1290,4,CASH_IN,71758.1,5595736.44,5667494.55,118020.71,46262.61,0,0
223,1291,2,DEBIT,4122.31,20666,16543.69,6086706.95,5792135.89,0,0
224,1292,4,CASH_IN,81300.2,2143395.3,2143395.3,2143395.3,13381242.46,0,0
225,1293,2,PAYMENT,9707.6,1139,0,0,0,0,0
226,1294,2,CASH_IN,29488.46,553479.18,582967.64,3554299.27,3541578.38,0,0
227,1295,1,PAYMENT,3559.49,69159.81,65600.32,0,0,0,0
228,1253,1,CASH_OUT,32702.61,0,0,253053,31469.78,0,0
229,1296,1,CASH_IN,8921.26,7684488.84,7693410.1,14149.13,5227.86,0,0
230,1297,4,PAYMENT,5159.5,22366,17206.5,0,0,0,0
231,1298,1,PAYMENT,688.53,244496,243807.47,0,0,0,0
232,1299,1,TRANSFER,19772.53,0,0,44486.99,64259.52,0,0
233,1300,1,DEBIT,6077.94,73904,67826.06,11082,0,0,0
234,1301,2,PAYMENT,2471.19,19609,17137.81,0,0,0,0
235,1302,5,CASH_IN,37872.44,4265776.26,4303648.7,43822.9,5950.46,0,0
236,1303,1,PAYMENT,7055.84,48915,41859.16,0,0,0,0
237,1304,1,CASH_OUT,55855.58,0,0,68283.63,43691.09,0,0
238,1305,3,PAYMENT,16115.55,5373,0,0,0,0,0
239,1306,1,PAYMENT,2481.59,4852.1,2370.51,0,0,0,0
240,1307,3,PAYMENT,2536.69,67111.65,64574.96,0,0,0,0
241,1308,1,PAYMENT,8716.47,8236,0,0,0,0,0
242,1309,3,TRANSFER,16208.5,24318,8109.5,0,16208.5,0,0
243,1310,4,CASH_OUT,455933.21,0,0,12179638.75,12947436.37,0,0
244,1311,1,DEBIT,4040.84,1938,0,51339,36757.68,0,0
245,1312,2,PAYMENT,16171.2,679,0,0,0,0,0
246,1313,1,TRANSFER,194415.49,740,0,362.44,6706.68,0,0
247,1314,1,CASH_IN,51284.87,4133681.78,4184966.65,6054544.78,6453430.91,0,0
248,1315,2,DEBIT,1131.72,193327,192195.28,45738,46869.72,0,0
249,1316,2,CASH_IN,42646.67,4978222.08,5020868.75,82649,40002.33,0,0
250,1317,1,CASH_IN,106727.81,4927051.9,5033779.71,2730834.27,5515763.34,0,0
251,1114,3,TRANSFER,141633.8,0,0,6235766.54,6778025.76,0,0
252,1318,2,PAYMENT,3567.5,9208.51,5641.01,0,0,0,0
253,1114,3,CASH_IN,302642.08,1144939.75,1447581.84,6794806.94,6235766.54,0,0
254,1216,1,CASH_IN,28463.91,322037.33,350501.24,380057.08,353532.56,0,0
255,1131,1,CASH_OUT,166335.32,0,0,1739306.48,1517262.16,0,0
256,1319,5,PAYMENT,1723.33,59456.18,57732.85,0,0,0,0
257,1320,3,PAYMENT,10355.12,29899,19543.88,0,0,0,0
258,1321,1,PAYMENT,4253.87,177672.95,173419.08,0,0,0,0
259,1322,5,PAYMENT,3367.42,10388,7020.58,0,0,0,0
260,1323,4,PAYMENT,1813.69,30948,29134.31,0,0,0,0
261,1172,2,CASH_IN,129909.22,3470208.52,3600117.74,1226096.46,0,0,0
262,1324,1,PAYMENT,6623.21,1036,0,0,0,0,0
263,1325,2,PAYMENT,10006.72,2051,0,0,0,0,0
264,1326,1,PAYMENT,11990.19,885,0,0,0,0,0
265,1135,1,CASH_OUT,11648.5,0,0,260976,971418.91,0,0
266,1327,5,PAYMENT,3590.58,15803,12212.42,0,0,0,0
267,1328,1,PAYMENT,6794.37,0,0,0,0,0,0
268,1329,2,PAYMENT,157.91,172,14.09,0,0,0,0
269,1330,1,PAYMENT,635.55,1131641.43,1131005.88,0,0,0,0
270,1331,5,PAYMENT,5105.68,3251.09,0,0,0,0,0
271,1332,2,PAYMENT,6416.72,25234.75,18818.03,0,0,0,0
272,1333,3,PAYMENT,3204.02,12566,9361.98,0,0,0,0
273,1334,1,PAYMENT,8.73,81313,81304.27,0,0,0,0
274,1335,5,PAYMENT,3225.49,10132,6906.51,0,0,0,0
275,1182,3,CASH_OUT,75925.56,0,0,1378570.36,2648013.13,0,0
276,1336,2,PAYMENT,3887.42,59948,56060.58,0,0,0,0
277,1337,2,TRANSFER,50333.01,49566,0,0,27708.6,0,0
278,1338,1,PAYMENT,4279.07,62934.52,58655.45,0,0,0,0
279,1339,1,PAYMENT,6831.38,1088,0,0,0,0,0
280,1340,1,CASH_OUT,229133.94,15325,0,5083,51513.44,0,0
281,1341,3,TRANSFER,11500.28,21220,9719.72,8671.64,20171.92,0,0
282,1132,1,CASH_OUT,41295.56,20720.74,0,2614230.5,2719172.89,0,0
283,1342,1,PAYMENT,9119.89,241465.13,232345.24,0,0,0,0
284,1343,1,PAYMENT,5363.35,81503.83,76140.48,0,0,0,0
285,1344,1,PAYMENT,11020.46,53921.13,42900.67,0,0,0,0
286,1192,4,CASH_OUT,116878.6,0,0,1356589.82,906564.46,0,0
287,1345,2,DEBIT,4143.87,100358.32,96214.45,100111.69,22736.93,0,0
288,1346,2,PAYMENT,1605.63,30499,28893.37,0,0,0,0
289,1347,1,PAYMENT,4613.1,1566862.94,1562249.83,0,0,0,0
290,1348,1,PAYMENT,3418.07,260,0,0,0,0,0
291,1349,1,PAYMENT,1617.9,507865,506247.1,0,0,0,0
292,1350,1,PAYMENT,3238.39,28773,25534.61,0,0,0,0
293,1314,2,CASH_IN,137964.43,7067180.95,7205145.37,6096807.93,6534746.07,0,0
294,1351,1,PAYMENT,3396.25,18524,15127.75,0,0,0,0
295,1352,2,PAYMENT,15186.43,20145,4958.57,0,0,0,0
296,1353,2,PAYMENT,2577.79,11610,9032.21,0,0,0,0
297,1354,1,PAYMENT,9014.95,0,0,0,0,0,0
298,1251,2,CASH_IN,85917.73,8185194.94,8271112.67,387263.02,360326.58,0,0
299,1355,1,PAYMENT,12728.46,83636,70907.54,0,0,0,0
300,1356,1,PAYMENT,2475.77,102792,100316.23,0,0,0,0
301,1357,1,PAYMENT,186.22,124804.72,124618.5,0,0,0,0
302,1358,1,PAYMENT,9245.27,41512,32266.73,0,0,0,0
303,1359,4,PAYMENT,46741.66,0,0,0,0,0,0
304,1360,1,PAYMENT,12122.55,10963.66,0,0,0,0,0
305,1314,1,CASH_OUT,100740.53,696313.01,595572.48,6453430.91,6534746.07,0,0
306,1361,1,PAYMENT,4881.52,0,0,0,0,0,0
307,1362,1,PAYMENT,3468.74,13310,9841.26,0,0,0,0
308,1363,1,CASH_IN,18510.43,480060.12,498570.55,20801,34361.39,0,0
309,1364,1,PAYMENT,4088.21,0,0,0,0,0,0
310,1251,1,CASH_IN,49031.62,4549357.8,4598389.42,378578.48,387263.02,0,0
311,1365,1,CASH_IN,168276.37,2698786.7,2867063.07,982390.26,814113.89,0,0
312,1366,2,PAYMENT,545.55,4087,3541.45,0,0,0,0
313,1367,2,PAYMENT,10738.05,51790,41051.95,0,0,0,0
314,1345,1,CASH_OUT,108600.78,0,0,146488.24,97128.19,0,0
315,1368,1,PAYMENT,4493.29,8258,3764.71,0,0,0,0
316,1369,2,PAYMENT,1128.88,89406,88277.12,0,0,0,0
317,1370,3,PAYMENT,14796.83,253246.63,238449.79,0,0,0,0
318,1371,1,PAYMENT,7538,249221.81,241683.81,0,0,0,0
319,1372,1,PAYMENT,7394.33,0,0,0,0,0,0
320,1373,2,CASH_IN,23895.37,2707343.89,2731239.25,45948.64,22053.28,0,0
321,1115,1,CASH_OUT,66312.08,0,0,544421.33,424250.45,0,0
322,1374,2,CASH_IN,255232.66,2353110.51,2608343.17,337842.3,84916.82,0,0
323,1375,1,PAYMENT,9855.76,134660.49,124804.72,0,0,0,0
324,1158,3,CASH_IN,54663.15,4485750.16,4540413.31,471244.99,416581.85,0,0
325,1376,5,CASH_OUT,101921.8,19169.77,0,244180.06,874685.77,0,0
326,1135,1,CASH_IN,157108.01,1750943.45,1908051.46,1576572.37,971418.91,0,0
327,1377,4,PAYMENT,2738.44,30645,27906.56,0,0,0,0
328,1226,1,CASH_OUT,94253.33,25203.05,0,99773,965870.05,0,0
329,1378,2,PAYMENT,12894.97,20527,7632.03,0,0,0,0
330,1155,4,CASH_IN,51147.41,1057311.62,1108459.04,57792.19,6644.77,0,0
331,1379,1,PAYMENT,25554.79,2347.47,0,0,0,0,0
332,1102,1,CASH_IN,193161.04,6372625.28,6565786.32,2441173.94,3940085.21,0,0
333,1380,3,PAYMENT,3236.22,0,0,0,0,0,0
334,1381,4,TRANSFER,123755.39,15416,0,0,79407.93,0,0
335,1231,1,TRANSFER,412906.88,10353,0,20894.07,265092.36,0,0
336,1382,1,PAYMENT,10729.47,379832,369102.53,0,0,0,0
337,1383,4,PAYMENT,28034.44,10536.62,0,0,0,0,0
338,1384,3,CASH_IN,98566.11,4783590.69,4882156.79,375616.62,66548.75,0,0
339,1385,2,PAYMENT,7853.17,0,0,0,0,0,0
340,1386,1,CASH_IN,112637.63,3551607.17,3664244.8,808818.01,651524.92,0,0
341,1387,4,PAYMENT,6673.58,0,0,0,0,0,0
342,1388,1,PAYMENT,885.95,588,0,0,0,0,0
343,1389,2,CASH_IN,283675.61,2562312.23,2845987.84,10695480.59,9989133.64,0,0
344,1146,1,TRANSFER,463722.76,349,0,18285.39,185389.8,0,0
345,1390,1,PAYMENT,6650,0,0,0,0,0,0
346,1391,3,CASH_IN,38923.13,3509464.73,3548387.86,295834.79,62111.53,0,0
347,1392,2,PAYMENT,6013.05,43830,37816.95,0,0,0,0
348,1393,1,CASH_IN,21898.97,7221911.92,7243810.89,1114670.7,1567434.81,0,0
349,1394,2,PAYMENT,6517.62,0,0,0,0,0,0
350,1395,5,PAYMENT,4962,197.55,0,0,0,0,0
351,1396,2,DEBIT,634.95,30365,29730.05,83845.22,6768.24,0,0
352,1397,3,PAYMENT,5365.37,31469,26103.63,0,0,0,0
353,1398,1,CASH_IN,47529.19,472283.2,519812.39,856049.65,16518.36,0,0
354,1399,1,PAYMENT,7260.2,0,0,0,0,0,0
355,1400,3,CASH_OUT,485135.11,0,0,17778291.45,18263426.57,0,0
356,1401,2,CASH_IN,143669.66,7354893.23,7498562.89,681364.03,1097218.45,0,0
357,1314,2,TRANSFER,603258.56,0,0,6697471.07,7760414.85,0,0
358,1402,2,PAYMENT,7709.2,52152,44442.8,0,0,0,0
359,1202,3,CASH_IN,168846.2,2364949.86,2533796.06,11544227.32,11157336.25,0,0
360,1403,1,CASH_OUT,333946.96,9546.27,0,4921976.75,22190.99,0,0
361,1374,4,CASH_IN,27850.03,8257635.94,8285485.98,65167.91,37317.87,0,0
362,1404,1,CASH_IN,63189.26,8414890.75,8478080,101925,0,0,0
363,1129,3,CASH_OUT,77196.59,97659.15,20462.56,4608733.28,4450740.26,0,0
364,1405,2,PAYMENT,4004.23,1203,0,0,0,0,0
365,1406,4,CASH_IN,48951.75,4518254.18,4567205.93,114948.33,124042.91,0,0
366,1407,2,PAYMENT,265.2,4363.08,4097.88,0,0,0,0
367,1408,2,PAYMENT,1958.03,60156.29,58198.26,0,0,0,0
368,1409,1,PAYMENT,1616.52,50396,48779.48,0,0,0,0
369,1410,2,PAYMENT,6934.8,501,0,0,0,0,0
370,1411,1,PAYMENT,4546.83,1180882.19,1176335.36,0,0,0,0
371,1412,1,CASH_OUT,209370.56,0,0,236285.04,215851.28,0,0
372,1413,2,PAYMENT,8024.95,90957,82932.05,0,0,0,0
373,1340,1,CASH_OUT,106117.28,0,0,234216.94,51513.44,0,0
374,1414,4,PAYMENT,13061.21,0,0,0,0,0,0
375,1415,1,PAYMENT,9818.95,151,0,0,0,0,0
376,1416,4,PAYMENT,3684.23,45617.52,41933.3,0,0,0,0
377,1172,1,CASH_OUT,10856.63,0,0,217845.38,1363368.51,0,0
378,1417,4,CASH_IN,324089.47,9530134.25,9854223.72,4220927.07,4775319.66,0,0
379,1418,1,PAYMENT,4881.15,30241,25359.85,0,0,0,0
380,1419,4,CASH_IN,208461.54,4743626.18,4952087.72,259823.45,51361.91,0,0
381,1420,2,TRANSFER,984994.76,0,0,5729799.14,7473141.22,0,0
382,1421,2,DEBIT,1841.58,25257,23415.42,21697.97,23539.55,0,0
383,1422,2,PAYMENT,5127.21,15743,10615.79,0,0,0,0
384,1423,1,DEBIT,3179.7,124703.85,121524.14,20767,0,0,0
385,1424,1,CASH_IN,327686.42,2308629.73,2636316.14,4924784.73,4619798.56,0,0
386,1425,1,PAYMENT,2054.84,22195,20140.16,0,0,0,0
387,1426,1,CASH_OUT,119537.32,52920.71,0,244404.99,33316.54,0,0
388,1427,1,PAYMENT,5912.4,286283.38,280370.98,0,0,0,0
389,1428,1,PAYMENT,4416.74,3215.18,0,0,0,0,0
390,1429,2,PAYMENT,292.45,157212,156919.55,0,0,0,0
391,1430,5,CASH_IN,231917.45,8819257.56,9051175,9115414.77,8743280.64,0,0
392,1431,2,TRANSFER,68630.15,26352.78,0,148688.71,217318.86,0,0
393,1432,1,PAYMENT,5443.26,236997,231553.74,0,0,0,0
394,1158,1,CASH_IN,135665.1,3601412.53,3737077.62,248817.48,379539.92,0,0
395,1433,2,PAYMENT,11760.28,74741,62980.72,0,0,0,0
396,1434,1,CASH_OUT,33349.84,0,0,201888.82,0,0,0
397,1365,1,CASH_OUT,48169.69,0,0,1205369.63,1186556.81,0,0
398,1435,1,PAYMENT,5935.34,279695,273759.66,0,0,0,0
399,1436,3,PAYMENT,380.76,155131,154750.24,0,0,0,0
400,1437,1,PAYMENT,5842.61,40,0,0,0,0,0
401,1141,4,CASH_IN,4699.24,2843337.36,2848036.61,25800.25,21101.01,0,0
402,1438,3,CASH_IN,38307.58,2072011.06,2110318.64,183763.58,144203.7,0,0
403,1439,1,PAYMENT,4674,0,0,0,0,0,0
404,1440,3,PAYMENT,14140.28,94594.97,80454.69,0,0,0,0
405,1441,3,PAYMENT,2092.69,36026.17,33933.48,0,0,0,0
406,1317,5,CASH_OUT,278809.45,0,0,5949019.31,5954556.4,0,0
407,1442,2,PAYMENT,4723.65,239578,234854.35,0,0,0,0
408,1443,4,PAYMENT,6326.75,30401,24074.25,0,0,0,0
409,1444,2,PAYMENT,4987.75,21420,16432.25,0,0,0,0
410,1445,3,DEBIT,3619.41,7578,3958.59,11421,17031.43,0,0
411,1446,1,PAYMENT,7891.16,236166.23,228275.07,0,0,0,0
412,1214,5,CASH_OUT,84024.67,21551.37,0,179176.65,263201.31,0,0
413,1412,2,CASH_IN,28652.4,6371153.27,6399805.66,215851.28,281857.03,0,0
414,1447,2,PAYMENT,3065.51,47381,44315.49,0,0,0,0
415,1448,1,PAYMENT,9762.28,129,0,0,0,0,0
416,1449,1,PAYMENT,3041.43,592,0,0,0,0,0
417,1131,1,CASH_OUT,174068.82,65734.09,0,1905641.8,1517262.16,0,0
418,1450,5,PAYMENT,4516.48,52503,47986.52,0,0,0,0
419,1403,1,CASH_OUT,517915.91,0,0,4404060.84,22190.99,0,0
420,1451,5,PAYMENT,360.38,328,0,0,0,0,0
421,1406,1,CASH_OUT,286803.5,0,0,774294.17,157982.12,0,0
422,1452,1,PAYMENT,2807.18,463883,461075.82,0,0,0,0
423,1114,5,CASH_IN,504968.12,2001963.84,2506931.96,6778025.76,6273057.64,0,0
424,1205,3,CASH_IN,57955.32,3267331.74,3325287.05,75105,6349066.6,0,0
425,1453,1,PAYMENT,28527.44,0,0,0,0,0,0
426,1454,1,DEBIT,6159.72,24815,18655.28,12751.13,18910.85,0,0
427,1396,2,CASH_IN,77711.94,7498562.89,7576274.83,84480.17,6768.24,0,0
428,1291,1,CASH_IN,172844.87,2739804.62,2912649.49,5856433.12,5579568.65,0,0
429,1455,1,PAYMENT,5055.94,30295,25239.06,0,0,0,0
430,1456,1,PAYMENT,2033.14,186592,184558.86,0,0,0,0
431,1457,1,PAYMENT,3854.39,11049,7194.61,0,0,0,0
432,1458,1,PAYMENT,6598.71,16392,9793.29,0,0,0,0
433,1459,5,CASH_OUT,211418.41,0,0,4790173.09,5174801.52,0,0
434,1460,1,TRANSFER,51627.39,30359.46,0,81243,32092.07,0,0
435,1294,1,TRANSFER,96757.4,0,0,3117323.21,3554299.27,0,0
436,1461,2,PAYMENT,11378.85,207181,195802.15,0,0,0,0
437,1462,1,PAYMENT,6444.64,12019,5574.36,0,0,0,0
438,1463,3,CASH_IN,53594.23,4417812.72,4471406.95,139555.44,85961.2,0,0
439,1464,2,PAYMENT,425.31,20748,20322.69,0,0,0,0
440,1465,3,PAYMENT,4693.35,0,0,0,0,0,0
441,1466,4,PAYMENT,7589.88,152729.43,145139.55,0,0,0,0
442,1467,1,PAYMENT,2193.94,35181.82,32987.88,0,0,0,0
443,1468,4,PAYMENT,4059.46,11277,7217.54,0,0,0,0
444,1469,4,PAYMENT,5422.04,61685,56262.96,0,0,0,0
445,1182,4,TRANSFER,1027611.05,0,0,1620402.08,2648013.13,0,0
446,1470,1,PAYMENT,8901.99,2958.91,0,0,0,0,0
447,1471,1,DEBIT,5633.3,61694,56060.7,49578,0,0,0
448,1162,4,CASH_IN,380211.17,972803.32,1353014.49,15104096.34,17258590.84,0,0
449,1472,1,CASH_IN,100127.4,5226746.02,5326873.42,209548.6,109421.19,0,0
450,1473,1,CASH_IN,2099.59,7096554.61,7098654.2,40471.79,0,0,0
451,1421,1,CASH_IN,61650.32,2011617.19,2073267.5,84424.56,22774.25,0,0
452,1474,2,PAYMENT,2478.71,244356.03,241877.32,0,0,0,0
453,1162,5,CASH_IN,439939.28,528642.11,968581.39,17196927.09,16860747.38,0,0
454,1475,1,CASH_IN,35502.25,3809743.17,3845245.42,41159,0,0,0
455,1476,5,PAYMENT,655.16,0,0,0,0,0,0
456,1135,1,CASH_IN,245041.35,7910045.61,8155086.95,1658999.62,971418.91,0,0
457,1373,1,TRANSFER,47564.74,359.21,0,82250,58319.72,0,0
458,1477,5,PAYMENT,15150.82,0,0,0,0,0,0
459,1478,5,PAYMENT,1270.66,142407,141136.34,0,0,0,0
460,1479,2,CASH_IN,126516.27,4375036.28,4501552.55,202636.54,76120.27,0,0
461,1480,1,DEBIT,1285.04,285362,284076.96,20968.7,17860.54,0,0
462,1481,1,PAYMENT,6460.86,31009,24548.14,0,0,0,0
463,1482,3,PAYMENT,19420.39,82802,63381.61,0,0,0,0
464,1182,1,CASH_IN,71176.26,4506017.53,4577193.8,2539946.14,1923836.34,0,0
465,1280,5,CASH_IN,125558.59,11783494.52,11909053.1,1063443.49,652290.45,0,0
466,1483,5,PAYMENT,650.48,116402,115751.52,0,0,0,0
467,1484,1,TRANSFER,215310.3,705,0,22425,0,0,0
468,1485,1,TRANSFER,119352.09,23714.57,0,96602.93,277515.05,0,0
469,1486,1,PAYMENT,5881.78,39847,33965.22,0,0,0,0
470,1487,5,CASH_IN,29351.64,10045092.37,10074444.01,99535.4,19647.88,0,0
471,1488,1,PAYMENT,8403.66,6687.27,0,0,0,0,0
472,1489,1,PAYMENT,829.07,11199,10369.93,0,0,0,0
473,1223,1,DEBIT,3870.28,317403.38,313533.1,6519.3,10389.58,0,0
474,1490,3,PAYMENT,11165.58,1295.12,0,0,0,0,0
475,1491,1,CASH_OUT,128278.74,0,0,8508776.62,12494367.15,0,0
476,1492,1,DEBIT,930.99,18354.65,17423.66,17230.8,18161.79,0,0
477,1264,1,CASH_IN,101669.17,3616113.18,3717782.35,533625.81,2025098.66,0,0
478,1493,1,PAYMENT,1987.4,0,0,0,0,0,0
479,1494,2,PAYMENT,4886.95,10105.32,5218.37,0,0,0,0
480,1495,1,CASH_OUT,276138.13,177971,0,10599,0,0,0
481,1496,2,DEBIT,2293.28,8120,5826.72,1184820.89,1187114.17,0,0
482,1497,5,PAYMENT,2883.1,24187.42,21304.32,0,0,0,0
483,1401,1,CASH_OUT,30331.38,167365.73,137034.36,105733.69,1015132.48,0,0
484,1498,1,CASH_IN,251482.63,2790712.05,3042194.68,2643134.89,1412484.09,0,0
485,1499,1,PAYMENT,3801.74,73616.2,69814.46,0,0,0,0
486,1500,2,PAYMENT,581.37,1632,1050.63,0,0,0,0
487,1501,1,PAYMENT,23235.78,1176335.36,1153099.58,0,0,0,0
488,1502,2,DEBIT,2731.05,175409,172677.95,69810,72541.05,0,0
489,1503,1,PAYMENT,3823.08,10382,6558.92,0,0,0,0
490,1504,1,CASH_OUT,335416.51,144478,0,295,52415.15,0,0
491,1505,4,DEBIT,1141.74,240677,239535.26,29379.28,30521.02,0,0
492,1506,1,PAYMENT,1892.34,10863,8970.66,0,0,0,0
493,1507,1,PAYMENT,3558.79,20791,17232.21,0,0,0,0
494,1508,1,PAYMENT,2186.58,46265,44078.42,0,0,0,0
495,1245,4,CASH_IN,235409.03,10472367.8,10707776.83,328849.95,139849.81,0,0
496,1509,3,DEBIT,2673.5,11608,8934.5,140222.23,2167.32,0,0
497,1510,4,PAYMENT,9309.74,0,0,0,0,0,0
498,1132,2,CASH_IN,121752.39,4501552.55,4623304.93,4474819.61,4410975.57,0,0
499,1511,3,PAYMENT,6028.79,22303,16274.21,0,0,0,0
500,1512,4,PAYMENT,1624.21,0,0,0,0,0,0
501,1237,4,CASH_IN,70664.62,3545922.93,3616587.55,6871381.13,6800716.51,0,0
502,1513,1,PAYMENT,1586.28,83150.27,81564,0,0,0,0
503,1514,1,PAYMENT,1439.72,2102,662.28,0,0,0,0
504,1400,1,CASH_OUT,186447.51,0,0,5862200.03,19169204.93,0,0
505,1515,2,PAYMENT,7803.48,322,0,0,0,0,0
506,1516,2,CASH_OUT,279843.2,0,0,1827318.89,2107162.1,0,0
507,1491,1,CASH_IN,15152.15,3561711.36,3576863.51,8439095.6,12494367.15,0,0
508,1516,5,CASH_OUT,55207.84,701404.67,646196.83,1368603.53,1423811.37,0,0
509,1517,3,PAYMENT,429.8,48385.89,47956.09,0,0,0,0
510,1400,1,CASH_OUT,227478.01,25743.78,0,16428780.87,19169204.93,0,0
511,1518,1,PAYMENT,9021.44,1536,0,0,0,0,0
512,1519,1,PAYMENT,3660.66,51657,47996.34,0,0,0,0
513,1520,1,PAYMENT,3619.35,173419.08,169799.73,0,0,0,0
514,1521,4,PAYMENT,2080.51,0,0,0,0,0,0
515,1522,1,PAYMENT,5256.18,10136,4879.82,0,0,0,0
516,1523,1,PAYMENT,2505.99,1476,0,0,0,0,0
517,1524,1,PAYMENT,402.54,10525.28,10122.73,0,0,0,0
518,1288,1,DEBIT,3455.85,3509,53.15,1333014.31,1178808.14,0,0
519,1525,1,PAYMENT,328.07,31485,31156.93,0,0,0,0
520,1526,2,PAYMENT,9614.45,0,0,0,0,0,0
521,1527,5,PAYMENT,2588.64,20961.01,18372.38,0,0,0,0
522,1430,4,CASH_IN,487852.5,208096.95,695949.45,9670814.67,8975709.58,0,0
523,1389,1,CASH_OUT,77642.84,0,0,416103.33,9291619.62,0,0
524,1528,5,CASH_OUT,70830.43,0,0,156003.57,6100.96,0,0
525,1529,2,DEBIT,8723.05,12580,3856.95,1266524.82,1066634.1,0,0
526,1530,2,CASH_IN,295618.46,6600722.25,6896340.72,333830.44,7074754.63,0,0
527,1531,1,PAYMENT,244.87,257978.49,257733.62,0,0,0,0
528,1125,1,CASH_IN,10266.7,3799476.47,3809743.17,104323,69756.86,0,0
529,1532,1,PAYMENT,6360.79,3731,0,0,0,0,0
530,1533,5,PAYMENT,852.95,51484,50631.05,0,0,0,0
531,1192,3,CASH_IN,129977.85,4439510,4569487.85,2642747.68,1982491.06,0,0
532,1534,3,PAYMENT,3825.07,138,0,0,0,0,0
533,1535,4,PAYMENT,1016.95,0,0,0,0,0,0
534,1536,5,PAYMENT,7002.74,4103,0,0,0,0,0
535,1114,2,CASH_OUT,256481.7,0,0,2650069.35,2906551.06,0,0
536,1537,1,CASH_IN,201342.13,6668468.08,6869810.21,268157.57,67268.02,0,0
537,1538,3,PAYMENT,15398.06,56150.75,40752.69,0,0,0,0
538,1539,3,PAYMENT,19818.51,154991,135172.49,0,0,0,0
539,1540,1,DEBIT,3837.3,25591,21753.7,50670,47923.33,0,0
540,1541,1,PAYMENT,7707.44,99827,92119.56,0,0,0,0
541,1516,1,CASH_OUT,328967.35,0,0,1889487.5,2444985.19,0,0
542,1542,5,PAYMENT,7654.41,14609,6954.59,0,0,0,0
543,1543,1,PAYMENT,5237.7,29081.71,23844.01,0,0,0,0
544,1544,5,PAYMENT,4426.72,11834,7407.28,0,0,0,0
545,1545,1,PAYMENT,232.74,52531.3,52298.57,0,0,0,0
546,1421,1,CASH_IN,9577.45,519812.39,529389.85,32204,22774.25,0,0
547,1406,1,CASH_IN,532111.14,4244257.62,4776368.76,893395.39,157982.12,0,0
548,1546,1,PAYMENT,8356.44,26806,18449.56,0,0,0,0
549,1245,2,CASH_IN,24889.66,2838786.77,2863676.43,261783.61,469207.53,0,0
550,1547,1,PAYMENT,1553.21,31516,29962.79,0,0,0,0
551,1548,2,CASH_IN,233432.28,56098,289530.28,1891.79,0,0,0
552,1549,3,PAYMENT,4086.36,20859,16772.64,0,0,0,0
553,1550,2,PAYMENT,92.37,14462,14369.63,0,0,0,0
554,1551,5,PAYMENT,6225.18,34194,27968.82,0,0,0,0
555,1552,1,PAYMENT,5785.77,8091.99,2306.23,0,0,0,0
556,1529,2,TRANSFER,170610.11,0,0,1095914.71,1066634.1,0,0
557,1553,1,PAYMENT,23069.76,0,0,0,0,0,0
558,1554,1,DEBIT,11711.1,20979,9267.9,39300.22,46393.85,0,0
559,1555,5,PAYMENT,3247.56,126404,123156.44,0,0,0,0
560,1556,5,PAYMENT,5451.3,9723.42,4272.12,0,0,0,0
561,1400,1,TRANSFER,581294.26,0,0,5195482.15,19169204.93,0,0
562,1557,5,PAYMENT,5909.55,575,0,0,0,0,0
563,1182,2,CASH_IN,93187.96,9140262.47,9233450.43,1704168.3,1923836.34,0,0
564,1558,2,DEBIT,7594.57,508,0,16730.22,24324.79,0,0
565,1417,1,DEBIT,5853.21,5039,0,20018,4891090.56,0,0
566,1559,5,PAYMENT,17390.17,0,0,0,0,0,0
567,1560,2,PAYMENT,8048.16,40002.33,31954.17,0,0,0,0
568,1561,1,CASH_OUT,44670.27,47996.34,3326.07,133002.68,817.21,0,0
569,1562,4,PAYMENT,2379.78,96049,93669.22,0,0,0,0
570,1563,1,CASH_IN,65413.89,131622.46,197036.35,144605,0,0,0
571,1485,1,CASH_IN,6284.18,7858787.73,7865071.9,328727.16,277515.05,0,0
572,1424,1,CASH_IN,311449.38,9405012.76,9716462.14,713512.77,4619798.56,0,0
573,1564,2,DEBIT,1332.91,5582,4249.09,31184,0,0,0
574,1565,2,PAYMENT,12368.9,9927.91,0,0,0,0,0
575,1566,1,PAYMENT,698.41,11382,10683.59,0,0,0,0
576,1567,1,PAYMENT,3215.74,500631.71,497415.98,0,0,0,0
577,1568,1,CASH_IN,33692.43,3773118.02,3806810.45,1114787.21,1259045.81,0,0
578,1216,1,CASH_IN,151764.65,3821737.86,3973502.51,531821.73,353532.56,0,0
579,1569,1,PAYMENT,5480.96,379457,373976.04,0,0,0,0
580,1570,4,PAYMENT,985.95,0,0,0,0,0,0
581,1571,4,PAYMENT,1178.41,968,0,0,0,0,0
582,1572,1,PAYMENT,31922.09,350755.71,318833.62,0,0,0,0
583,1491,1,CASH_IN,84527.66,621876.71,706404.36,12494367.15,11914710.26,0,0
584,1498,1,CASH_OUT,13136.44,0,0,1525395.97,1412484.09,0,0
585,1294,1,CASH_OUT,287265.38,24458.17,0,486947.17,3554299.27,0,0
586,1573,1,PAYMENT,10019.06,5203.54,0,0,0,0,0
587,1226,1,CASH_OUT,59390.46,0,0,73791.34,965870.05,0,0
588,1574,1,DEBIT,1580.66,31156,29575.34,12298,0,0,0
589,1393,1,CASH_OUT,323105.08,0,0,378299.67,1567434.81,0,0
590,1314,1,TRANSFER,438437.09,0,0,740675.45,6453430.91,0,0
591,1575,3,PAYMENT,649.2,158,0,0,0,0,0
592,1576,2,PAYMENT,9006.17,30911,21904.83,0,0,0,0
593,1577,2,TRANSFER,227236.78,0,0,312451.7,549946.93,0,0
594,1578,1,PAYMENT,2245.62,30910,28664.38,0,0,0,0
595,1400,1,CASH_OUT,85423.63,0,0,5776776.41,19169204.93,0,0
596,1579,4,PAYMENT,3068.79,9792,6723.21,0,0,0,0
597,1294,2,TRANSFER,2474181.78,0,0,3799219.95,7173523.49,0,0
598,1102,1,CASH_IN,220431.09,2998375.78,3218806.87,2897169.84,3940085.21,0,0
599,1580,2,PAYMENT,6328.21,9009,2680.79,0,0,0,0
600,1581,1,PAYMENT,4845.31,5998,1152.69,0,0,0,0
601,1582,5,PAYMENT,47001.52,0,0,0,0,0,0
602,1583,1,PAYMENT,9191.46,0,0,0,0,0,0
603,1114,3,TRANSFER,192421.03,0,0,6377400.33,6778025.76,0,0
604,1584,1,PAYMENT,10273.19,159642,149368.81,0,0,0,0
605,1280,4,CASH_OUT,92229.71,33578.75,0,1313931,1063443.49,0,0
606,1585,4,PAYMENT,4303.63,2923.05,0,0,0,0,0
607,1158,1,CASH_OUT,219630.79,19779.08,0,29186.69,248817.48,0,0
608,1401,2,CASH_OUT,158406.66,0,0,938811.79,1097218.45,0,0
609,1586,4,CASH_IN,208096.95,0,208096.95,486798.02,42270.49,0,0
610,1587,1,CASH_IN,57809.81,3434765.61,3492575.42,59666,0,0,0
611,1588,1,PAYMENT,266.88,4182,3915.12,0,0,0,0
612,1589,3,CASH_IN,98313.86,1046625.89,1144939.75,139849.41,8629.02,0,0
613,1590,4,DEBIT,485.42,3408.48,2923.05,262624.1,117634.01,0,0
614,1591,1,PAYMENT,2725.19,14785,12059.81,0,0,0,0
615,1592,2,PAYMENT,3604.2,112703,109098.8,0,0,0,0
616,1593,5,PAYMENT,12702.69,0,0,0,0,0,0
617,1485,1,CASH_OUT,139054.95,0,0,182538.03,277515.05,0,0
618,1130,4,CASH_OUT,186125.39,0,0,211059.6,252667.53,0,0
619,1491,1,CASH_IN,247575.4,5790179.68,6037755.07,8291485.93,12494367.15,0,0
620,1472,1,DEBIT,7546.88,51368,43821.12,11353,252055.24,0,0
621,1314,3,CASH_OUT,443092.83,0,0,7314840.09,7760414.85,0,0
622,1102,1,DEBIT,12154.7,39699,27544.3,2051287.58,3940085.21,0,0
623,1594,1,PAYMENT,5610.36,142,0,0,0,0,0
624,1496,1,TRANSFER,287509.05,0,0,300932.58,1268668.92,0,0
625,1595,1,PAYMENT,6365,0,0,0,0,0,0
626,1389,2,CASH_IN,88447.92,1241878.36,1330326.28,11135562.19,10695480.59,0,0
627,1498,1,CASH_IN,198847.32,6157562.25,6356409.58,964679.26,1412484.09,0,0
628,1596,1,PAYMENT,18389.77,0,0,0,0,0,0
629,1496,3,CASH_IN,92558.28,5436458.31,5529016.59,523336.57,331525.89,0,0
630,1597,4,CASH_IN,41385.54,1015926.08,1057311.62,65002,5966.04,0,0
631,1598,1,CASH_IN,82564.24,6739112.35,6821676.59,342077.36,0,0,0
632,1243,1,TRANSFER,445038.71,0,0,802245.42,55974.56,0,0
633,1599,3,PAYMENT,2108.36,0,0,0,0,0,0
634,1129,4,CASH_OUT,278349.51,0,0,4051860.11,4397452.99,0,0
635,1600,1,PAYMENT,186.33,11411,11224.67,0,0,0,0
636,1601,4,PAYMENT,29.03,12217,12187.97,0,0,0,0
637,1602,4,PAYMENT,11221.28,0,0,0,0,0,0
638,1603,2,DEBIT,3949.99,5533,1583.01,209201.42,195932.4,0,0
639,1424,1,TRANSFER,138857.19,109473,0,1027402.57,4619798.56,0,0
640,1604,5,PAYMENT,5905.54,0,0,0,0,0,0
641,1605,1,CASH_IN,4865.48,7395911.97,7400777.45,274039.11,217862.21,0,0
642,1606,5,PAYMENT,88.17,1067,978.83,0,0,0,0
643,1389,1,CASH_IN,54152.03,42823.36,96975.39,11438021.32,10695480.59,0,0
644,1607,1,PAYMENT,13.54,16743.76,16730.22,0,0,0,0
645,1608,5,PAYMENT,5172.58,20368,15195.42,0,0,0,0
646,1609,2,PAYMENT,4691.54,20682,15990.46,0,0,0,0
647,1374,2,CASH_IN,19748.91,5113493.98,5133242.89,84916.82,65167.91,0,0
648,1610,1,PAYMENT,1053.13,107327,106273.87,0,0,0,0
649,1288,1,CASH_OUT,163100.34,0,0,1078534.03,1178808.14,0,0
650,1611,2,PAYMENT,1266.42,20897,19630.58,0,0,0,0
651,1612,3,PAYMENT,13012.92,30803,17790.08,0,0,0,0
652,1613,4,PAYMENT,1686.41,39720,38033.59,0,0,0,0
653,1614,5,DEBIT,3092.94,33476,30383.06,15680.93,18773.87,0,0
654,1615,5,PAYMENT,914.59,311960,311045.41,0,0,0,0
655,1616,1,CASH_IN,91457.82,6718610.17,6810067.99,662260.23,2415.16,0,0
656,1393,1,CASH_OUT,129431.13,0,0,976999.9,1567434.81,0,0
657,1617,5,PAYMENT,5835.81,10800,4964.19,0,0,0,0
658,1618,1,PAYMENT,2073.2,21363.74,19290.55,0,0,0,0
659,1146,1,CASH_IN,15054.61,295596.43,310651.04,33340,185389.8,0,0
660,1619,1,PAYMENT,6490.17,548504,542013.83,0,0,0,0
661,1620,2,PAYMENT,3493.65,0,0,0,0,0,0
662,1621,2,PAYMENT,3042.92,46785,43742.08,0,0,0,0
663,1622,2,PAYMENT,1413.15,0,0,0,0,0,0
664,1177,2,CASH_IN,157570.4,6791775.76,6949346.16,1244375.57,1070702.75,0,0
665,1623,4,PAYMENT,921.61,7217.54,6295.94,0,0,0,0
666,1496,1,TRANSFER,300932.58,492,0,0,1268668.92,0,0
667,1624,1,PAYMENT,1066.04,50240,49173.96,0,0,0,0
668,1625,1,PAYMENT,1373.43,13854,12480.57,0,0,0,0
669,1626,5,PAYMENT,6902.52,206572,199669.48,0,0,0,0
670,1245,2,CASH_IN,333871.74,10542514.27,10876386.01,1761278.15,270110.78,0,0
671,1403,1,TRANSFER,983479.66,0,0,3131440.16,22190.99,0,0
672,1627,1,PAYMENT,2571.49,0,0,0,0,0,0
673,1628,1,PAYMENT,3865.44,26099.09,22233.65,0,0,0,0
674,1629,5,PAYMENT,1911.57,20964,19052.43,0,0,0,0
675,1630,1,PAYMENT,6159.35,92732,86572.65,0,0,0,0
676,1317,1,CASH_OUT,565349.9,0,0,5622929.89,5515763.34,0,0
677,1631,3,PAYMENT,26862.79,26044,0,0,0,0,0
678,1170,1,CASH_IN,36860.96,4413201.07,4450062.03,241683.81,204822.85,0,0
679,1202,1,CASH_IN,61505.91,4910403.44,4910403.44,4910403.44,10588885.27,0,0
680,1632,1,DEBIT,2633.08,124905,122271.92,17146,0,0,0
681,1633,1,PAYMENT,1298.7,2115.61,816.91,0,0,0,0
682,1129,1,TRANSFER,55536.86,0,0,915902.37,3420103.09,0,0
683,1634,5,PAYMENT,6079.77,18273,12193.23,0,0,0,0
684,1635,1,PAYMENT,5392.75,50757,45364.25,0,0,0,0
685,1412,2,TRANSFER,351219.8,0,0,517739.35,68880.79,0,0
686,1636,1,CASH_OUT,151096.79,0,0,463533.54,60738.03,0,0
687,1637,1,PAYMENT,3930.81,6032,2101.19,0,0,0,0
688,1299,2,DEBIT,3462.64,66331,62868.36,64259.52,67722.17,0,0
689,1638,3,PAYMENT,13021.44,150192.94,137171.5,0,0,0,0
690,1639,1,PAYMENT,17020.69,164580.77,147560.08,0,0,0,0
691,1135,1,TRANSFER,982862.81,0,0,2187842.49,971418.91,0,0
692,1317,3,CASH_IN,256782.92,3329649.08,3586432,7075716.53,6818933.6,0,0
693,1640,1,PAYMENT,1810.88,27574,25763.12,0,0,0,0
694,1641,2,PAYMENT,10805.83,311117,300311.17,0,0,0,0
695,1568,2,CASH_OUT,280267.65,0,0,978778.15,1259045.81,0,0
696,1642,5,PAYMENT,4295.28,29866.49,25571.22,0,0,0,0
697,1495,1,CASH_IN,226580.84,4279436.69,4506017.53,286737.13,0,0,0
698,1643,4,PAYMENT,3100.46,1181.37,0,0,0,0,0
699,1498,1,CASH_IN,119081.76,2364146.87,2483228.64,2762216.66,1412484.09,0,0
700,1177,2,CASH_OUT,87732.74,0,0,982970.02,1070702.75,0,0
701,1644,4,PAYMENT,1602.1,5562,3959.9,0,0,0,0
702,1645,4,PAYMENT,1800.83,7548.03,5747.2,0,0,0,0
703,1646,1,PAYMENT,1864.28,21249,19384.72,0,0,0,0
704,1647,1,PAYMENT,2248.26,1131005.88,1128757.61,0,0,0,0
705,1648,1,PAYMENT,2946.38,0,0,0,0,0,0
706,1649,4,PAYMENT,3455.87,168,0,0,0,0,0
707,1365,2,TRANSFER,232336.31,0,0,1575612.32,2051802.27,0,0
708,1650,2,PAYMENT,647.06,40822,40174.94,0,0,0,0
709,1473,1,CASH_OUT,15918.79,0,0,24553,0,0,0
710,1651,2,PAYMENT,2740.48,4437.21,1696.74,0,0,0,0
711,1652,2,PAYMENT,4189.91,12885,8695.09,0,0,0,0
712,1653,1,PAYMENT,5805.93,2158,0,0,0,0,0
713,1237,1,CASH_IN,301755.98,6509377.51,6509377.51,6509377.51,7416184.79,0,0
714,1654,1,PAYMENT,9247.18,5582,0,0,0,0,0
715,1655,2,PAYMENT,4486.69,13146,8659.31,0,0,0,0
716,1656,4,PAYMENT,18519.83,0,0,0,0,0,0
717,1125,1,CASH_IN,32726.88,1640596.99,1673323.87,102483.74,69756.86,0,0
718,1657,1,PAYMENT,5663.87,26090,20426.13,0,0,0,0
719,1658,3,PAYMENT,3627.99,22828,19200.01,0,0,0,0
720,1171,4,CASH_OUT,37239.99,8372.12,0,5463046.38,6671931.33,0,0
721,1659,3,PAYMENT,34885.44,96636.56,61751.11,0,0,0,0
722,1660,1,PAYMENT,4149.86,0,0,0,0,0,0
723,1661,1,PAYMENT,9334.02,23013,13678.98,0,0,0,0
724,1662,1,PAYMENT,1328.59,14469,13140.41,0,0,0,0
725,1480,2,DEBIT,633.34,24065,23431.66,17860.54,18493.88,0,0
726,1663,1,PAYMENT,5157.05,1667.92,0,0,0,0,0
727,1664,4,PAYMENT,27032.59,26148.87,0,0,0,0,0
728,1665,2,PAYMENT,3220.95,0,0,0,0,0,0
729,1666,1,TRANSFER,221654.28,22377,0,31493.45,49864.36,0,0
730,1196,1,CASH_IN,232720.95,3798928.38,4031649.33,1789755.77,1155321.27,0,0
731,1667,5,PAYMENT,24921.84,12212.42,0,0,0,0,0
732,1401,2,CASH_IN,257619.2,9080244.19,9337863.38,740600.66,482981.46,0,0
733,1668,2,CASH_OUT,45458.81,45664.93,206.12,63112.23,108571.04,0,0
734,1669,2,PAYMENT,7402.3,101237,93834.7,0,0,0,0
735,1670,1,PAYMENT,5274.17,129826,124551.83,0,0,0,0
736,1671,2,PAYMENT,925.63,24627.45,23701.82,0,0,0,0
737,1672,3,PAYMENT,534.45,27745.94,27211.48,0,0,0,0
738,1673,1,PAYMENT,22940.17,169799.73,146859.56,0,0,0,0
739,1674,1,PAYMENT,6557.51,107056.04,100498.52,0,0,0,0
740,1675,1,PAYMENT,2304.2,131375,129070.8,0,0,0,0
741,1577,4,CASH_IN,409664.42,1985419.52,2395083.94,637177.97,227513.56,0,0
742,1226,1,TRANSFER,86401.93,0,0,879468.12,965870.05,0,0
743,1102,3,CASH_IN,227590.61,6351124.72,6578715.32,3259607.77,2560556.45,0,0
744,1548,1,CASH_IN,2643.45,6434890.26,6437533.71,49974,1891.79,0,0
745,1676,3,PAYMENT,25389.14,11352,0,0,0,0,0
746,1677,5,PAYMENT,18067.41,0,0,0,0,0,0
747,1678,2,PAYMENT,2678.1,84754,82075.9,0,0,0,0
748,1131,1,CASH_OUT,244361.81,0,0,859282.41,1517262.16,0,0
749,1679,1,PAYMENT,2569.57,90233,87663.43,0,0,0,0
750,1680,1,PAYMENT,6.93,68267,68260.07,0,0,0,0
751,1345,1,CASH_OUT,254399.35,0,0,455863.64,97128.19,0,0
752,1681,1,PAYMENT,4655.03,165086,160430.97,0,0,0,0
753,1682,1,PAYMENT,11301.82,85609.04,74307.22,0,0,0,0
754,1683,5,PAYMENT,3445.14,283795.44,280350.31,0,0,0,0
755,1684,2,PAYMENT,6550.89,128780.5,122229.61,0,0,0,0
756,1420,4,CASH_IN,494810.97,9960498.29,10455309.26,7473141.22,7434797.81,0,0
757,1685,2,PAYMENT,688.58,51384,50695.42,0,0,0,0
758,1686,1,PAYMENT,2673.52,51875,49201.48,0,0,0,0
759,1687,1,PAYMENT,4223.24,9448,5224.76,0,0,0,0
760,1688,3,PAYMENT,842.26,134669.36,133827.1,0,0,0,0
761,1288,1,CASH_OUT,94296.25,0,0,336692.95,1178808.14,0,0
762,1689,1,DEBIT,2801.1,661,0,10505,3883.96,0,0
763,1690,1,PAYMENT,22276,0,0,0,0,0,0
764,1691,1,PAYMENT,18952.73,0,0,0,0,0,0
765,1692,2,PAYMENT,2441.09,0,0,0,0,0,0
766,1177,1,CASH_IN,154578.28,2091229.45,2245807.73,1033003.86,1254956.07,0,0
767,1693,5,PAYMENT,26074.81,5014.31,0,0,0,0,0
768,1403,1,TRANSFER,1478772.04,0,0,1652668.12,22190.99,0,0
769,1237,3,CASH_IN,194242.46,1447581.84,1641824.3,7298141.96,7103899.5,0,0
770,1694,1,PAYMENT,624.1,1954993.04,1954368.93,0,0,0,0
771,1695,5,PAYMENT,2949.77,164,0,0,0,0,0
772,1187,4,CASH_OUT,106105.83,0,0,182906.2,289012.04,0,0
773,1696,1,PAYMENT,6891.56,41921,35029.44,0,0,0,0
774,1697,1,PAYMENT,2466.95,34978.24,32511.29,0,0,0,0
775,1177,1,CASH_OUT,130470.14,25359.85,0,1280773.97,1254956.07,0,0
776,1698,1,CASH_IN,143236.26,0,143236.26,608932.17,97263.78,0,0
777,1699,1,PAYMENT,7286.11,1049,0,0,0,0,0
778,1700,2,PAYMENT,6382.51,54402.54,48020.03,0,0,0,0
779,1530,4,CASH_IN,180025.45,5059628,5239653.45,7074754.63,6894729.18,0,0
780,1701,1,PAYMENT,4416.9,0,0,0,0,0,0
781,1702,1,CASH_IN,75043.17,3492575.42,3567618.59,156547,0,0,0
782,1703,5,PAYMENT,925.48,453877,452951.52,0,0,0,0
783,1704,2,PAYMENT,14775.56,49632.45,34856.89,0,0,0,0
784,1294,2,TRANSFER,257641.56,0,0,3541578.38,7173523.49,0,0
785,1516,1,CASH_OUT,159657.1,0,0,2640580.83,2444985.19,0,0
786,1705,5,PAYMENT,1553.21,129818.15,128264.94,0,0,0,0
787,1706,5,PAYMENT,22553.97,45676.28,23122.31,0,0,0,0
788,1406,1,TRANSFER,70543.76,80351.55,9807.8,1061097.67,157982.12,0,0
789,1396,1,CASH_IN,12336.48,7317899.11,7330235.59,21024,83845.22,0,0
790,1707,1,PAYMENT,4013.02,92119.56,88106.55,0,0,0,0
791,1708,4,PAYMENT,1961.84,11348,9386.16,0,0,0,0
792,1115,1,CASH_IN,100198.77,7865071.9,7965270.68,336837.78,424250.45,0,0
793,1709,1,CASH_IN,270.78,4184966.65,4185237.43,3019,0,0,0
794,1710,1,PAYMENT,1810.41,0,0,0,0,0,0
795,1261,4,CASH_IN,161339.92,12197608.16,12358948.08,1512985.69,1640678.66,0,0
796,1711,4,PAYMENT,6078,0,0,0,0,0,0
797,1712,1,PAYMENT,436.15,10120,9683.85,0,0,0,0
798,1713,3,PAYMENT,14294.08,69899,55604.92,0,0,0,0
799,1714,1,CASH_OUT,49177.38,0,0,130442.64,122750.49,0,0
800,1715,1,PAYMENT,6976.97,0,0,0,0,0,0
801,1716,2,PAYMENT,4733.94,731863,727129.06,0,0,0,0
802,1717,4,PAYMENT,4830.74,7834.27,3003.52,0,0,0,0
803,1226,1,CASH_OUT,112193.65,0,0,767274.47,965870.05,0,0
804,1504,1,CASH_IN,72311.62,3973502.51,4045814.13,132019.96,52415.15,0,0
805,1718,3,PAYMENT,1588.8,40155.84,38567.04,0,0,0,0
806,1245,2,CASH_OUT,150366.56,0,0,766061.93,270110.78,0,0
807,1102,2,TRANSFER,156474.87,168005,11530.13,3624999.45,2560556.45,0,0
808,1719,1,PAYMENT,2380.46,101428,99047.54,0,0,0,0
809,1720,4,PAYMENT,8221.47,152.07,0,0,0,0,0
810,1721,1,PAYMENT,2560.3,7257,4696.7,0,0,0,0
811,1722,1,PAYMENT,2388.85,39937,37548.15,0,0,0,0
812,1723,2,PAYMENT,1125.82,180,0,0,0,0,0
813,1400,1,CASH_IN,178370.36,3340793.04,3519163.4,16656258.88,19169204.93,0,0
814,1724,3,CASH_OUT,7547.06,87852.51,80305.45,62860.04,70407.1,0,0
815,1725,3,PAYMENT,20670.84,5597,0,0,0,0,0
816,1726,2,PAYMENT,1330.7,38163.92,36833.22,0,0,0,0
817,1389,5,CASH_IN,130078.54,11653415.97,11783494.52,10146199.06,9827546.97,0,0
818,1727,1,CASH_IN,6915.38,1744028.07,1750943.45,49685,0,0,0
819,1728,1,PAYMENT,6911.99,6307878.9,6300966.92,0,0,0,0
820,1729,1,PAYMENT,9491.89,0,0,0,0,0,0
821,1730,5,CASH_IN,82914.35,5274206.82,5357121.18,10390065.3,12362816.81,0,0
822,1731,3,PAYMENT,2791.64,125848,123056.36,0,0,0,0
823,1732,1,PAYMENT,9642.19,0,0,0,0,0,0
824,1733,1,DEBIT,1065.41,1817,751.59,10330,0,0,0
825,1734,1,PAYMENT,4489.66,601273,596783.34,0,0,0,0
826,1735,1,PAYMENT,1993.24,1782877.6,1780884.37,0,0,0,0
827,1736,5,PAYMENT,16780.75,0,0,0,0,0,0
828,1737,1,CASH_IN,6287.28,4817829.42,4824116.71,11274,0,0,0
829,1398,1,CASH_IN,132953.45,7964926.82,8097880.27,1617722.17,16518.36,0,0
830,1738,1,PAYMENT,6969.67,61091,54121.33,0,0,0,0
831,1400,1,CASH_OUT,220691.42,0,0,6093090.62,19169204.93,0,0
832,1403,1,TRANSFER,169106.97,575667.54,575667.54,575667.54,22190.99,0,0
833,1739,1,PAYMENT,20007.91,0,0,0,0,0,0
834,1400,2,CASH_IN,139740.04,9233450.43,9373190.47,18262368.74,18122628.7,0,0
835,1314,1,CASH_OUT,361980.67,0,0,6057072.17,6453430.91,0,0
836,1740,1,PAYMENT,871.75,19869,18997.25,0,0,0,0
837,1741,1,PAYMENT,4504.48,44802.82,40298.34,0,0,0,0
838,1742,4,PAYMENT,8402.36,19170.46,10768.1,0,0,0,0
839,1162,5,TRANSFER,103759.56,0,0,16756987.82,16860747.38,0,0
840,1182,1,DEBIT,6027.22,277100,271072.78,2628937.05,2107778.11,0,0
841,1459,1,TRANSFER,473499.51,0,0,883248.39,3461666.05,0,0
842,1743,5,PAYMENT,4121.51,0,0,0,0,0,0
843,1504,1,CASH_IN,134426.08,6300464.17,6434890.26,228864.16,52415.15,0,0
844,1492,1,TRANSFER,7206.33,24932,17725.67,21308,18161.79,0,0
845,1744,5,PAYMENT,3.75,51376,51372.25,0,0,0,0
846,1745,2,DEBIT,2290.11,54507.3,52217.19,157289.57,147251.58,0,0
847,1746,1,DEBIT,2763.95,60249,57485.05,10137.14,12901.08,0,0
848,1589,3,DEBIT,6010.62,549946.93,543936.31,8629.02,14639.63,0,0
849,1747,2,PAYMENT,11357.4,60989.84,49632.45,0,0,0,0
850,1748,1,PAYMENT,6054.6,0,0,0,0,0,0
851,1376,1,CASH_IN,162591.2,3664244.8,3826836,258100.15,95508.95,0,0
852,1749,4,PAYMENT,975.55,49912,48936.45,0,0,0,0
853,1750,1,PAYMENT,9753.55,60829,51075.45,0,0,0,0
854,1389,1,CASH_IN,298109.36,9332557.22,9630666.58,493746.17,9291619.62,0,0
855,1231,1,CASH_OUT,53094.17,149735.97,96641.81,279693.52,265092.36,0,0
856,1616,1,CASH_IN,254895.5,4247715.63,4502611.13,256668.41,2415.16,0,0
857,1751,1,PAYMENT,7870.29,1445223.63,1437353.34,0,0,0,0
858,1752,1,PAYMENT,11881.78,0,0,0,0,0,0
859,1753,1,PAYMENT,3603.99,418,0,0,0,0,0
860,1754,1,CASH_IN,91721.95,7693410.1,7785132.05,10032061.25,9940339.29,0,0
861,1755,1,PAYMENT,12445.65,0,0,0,0,0,0
862,1756,3,PAYMENT,3720.12,9379.15,5659.03,0,0,0,0
863,1288,1,TRANSFER,435589.96,0,0,1409964.46,1178808.14,0,0
864,1757,1,PAYMENT,2545.15,31914,29368.85,0,0,0,0
865,1498,1,CASH_OUT,153952.87,19336.33,0,2207835.95,1412484.09,0,0
866,1758,1,PAYMENT,895.24,56363.98,55468.74,0,0,0,0
867,1231,2,TRANSFER,7081.22,4932.75,0,38901.06,45982.28,0,0
868,1759,2,PAYMENT,3000.33,11649.74,8649.41,0,0,0,0
869,1760,5,DEBIT,3768.1,65148,61379.9,10717,1772.04,0,0
870,1761,5,TRANSFER,179651.4,58395.9,0,0,179651.4,0,0
871,1762,1,CASH_IN,43478.09,7471989.62,7515467.71,124103,173135.98,0,0
872,1763,5,TRANSFER,134294.1,138,0,10768.1,145062.2,0,0
873,1764,1,PAYMENT,4215.08,771489.55,767274.47,0,0,0,0
874,1765,2,PAYMENT,11559.81,16379.42,4819.61,0,0,0,0
875,1766,1,PAYMENT,3499.43,31242,27742.57,0,0,0,0
876,1767,1,PAYMENT,8364.73,81,0,0,0,0,0
877,1768,1,PAYMENT,4470.38,1856.19,0,0,0,0,0
878,1769,1,PAYMENT,84.22,25828,25743.78,0,0,0,0
879,1516,3,CASH_IN,347969.28,803824.66,1151793.94,1920811.16,1572841.87,0,0
880,1770,4,PAYMENT,3848.39,0,0,0,0,0,0
881,1771,1,CASH_OUT,344464.4,0,0,1133312.56,0,0,0
882,1772,1,PAYMENT,13343.47,25275.61,11932.14,0,0,0,0
883,1294,5,CASH_OUT,83160.08,0,0,7129559.36,6778202,0,0
884,1773,3,PAYMENT,16881.67,0,0,0,0,0,0
885,1774,5,PAYMENT,530.4,225668.11,225137.71,0,0,0,0
886,1775,1,PAYMENT,1267.97,6309146.87,6307878.9,0,0,0,0
887,1424,2,CASH_IN,208929.58,10316960.46,10525890.04,4282187.37,2943614.6,0,0
888,1776,1,PAYMENT,7677.95,45881.29,38203.34,0,0,0,0
889,1777,1,PAYMENT,5376.67,146859.56,141482.89,0,0,0,0
890,1294,1,CASH_OUT,286590.92,2895.06,0,2830732.28,3554299.27,0,0
891,1479,1,TRANSFER,249740.75,2748.22,0,6072,241220.25,0,0
892,1778,1,PAYMENT,663.34,1347260.94,1346597.6,0,0,0,0
893,1779,1,PAYMENT,2272.54,39494,37221.46,0,0,0,0
894,1780,4,PAYMENT,1944.57,650,0,0,0,0,0
895,1400,1,CASH_IN,349505.89,7330235.59,7679741.48,17000998.23,19169204.93,0,0
896,1781,1,DEBIT,5529.13,8547,3017.87,10206,0,0,0
897,1406,1,TRANSFER,79386.85,0,0,424841.44,157982.12,0,0
898,1162,1,CASH_IN,770537.37,8499043.13,8499043.13,8499043.13,16874643.09,0,0
899,1782,5,CASH_IN,298431.03,3119966.4,3418397.43,5521401.49,4670978.14,0,0
900,1412,2,CASH_OUT,94658.15,28130.7,0,187198.88,281857.03,0,0
901,1537,1,CASH_OUT,69490.69,9326,0,20093,67268.02,0,0
902,1135,3,TRANSFER,979818.78,0,0,1116289.38,1796138.08,0,0
903,1182,1,CASH_IN,373152.4,2105721.56,2478873.97,2892866.31,2107778.11,0,0
904,1246,5,DEBIT,1674.09,19634,17959.91,198248.07,305398.63,0,0
905,1485,1,TRANSFER,92236.11,59627.3,0,272537.66,86070.17,0,0
906,1783,1,PAYMENT,12271.39,715,0,0,0,0,0
907,1393,1,CASH_IN,110654.09,6631100.51,6741754.6,201104.63,90450.54,0,0
908,1784,4,PAYMENT,17331.19,0,0,0,0,0,0
909,1459,1,TRANSFER,598782.65,0,0,2644679.4,3461666.05,0,0
910,1785,2,TRANSFER,23377.76,404976,381598.24,206.12,23583.88,0,0
911,1786,1,CASH_IN,9467.87,6071,15538.87,0,0,0,0
912,1787,1,PAYMENT,11488.23,20243,8754.77,0,0,0,0
913,1788,1,PAYMENT,10430.39,73364.91,62934.52,0,0,0,0
914,1401,1,CASH_IN,568912.68,4139566.62,4708479.3,1015132.48,1097218.45,0,0
915,1120,1,CASH_OUT,193605.38,0,0,249452.05,0,0,0
916,1192,1,CASH_IN,283711.39,7400777.45,7684488.84,5155339.36,3997768.55,0,0
917,1789,1,PAYMENT,2550.35,2194,0,0,0,0,0
918,1577,2,DEBIT,3925.8,22062,18136.2,539688.48,549946.93,0,0
919,1790,1,TRANSFER,46961.7,124672,77710.3,11342,42900.67,0,0
920,1791,1,PAYMENT,3825.39,4094,268.61,0,0,0,0
921,1792,5,PAYMENT,3365.83,9040,5674.17,0,0,0,0
922,1586,2,CASH_OUT,122810.19,15594.73,0,469479.26,592289.45,0,0
923,1793,1,PAYMENT,8531.42,18961.11,10429.69,0,0,0,0
924,1794,1,PAYMENT,14025.72,20309,6283.28,0,0,0,0
925,1795,2,PAYMENT,2767.59,208,0,0,0,0,0
926,1796,1,PAYMENT,7641.08,55468.74,47827.66,0,0,0,0
927,1797,1,DEBIT,5758.59,32604,26845.41,209699,16997.22,0,0
928,1798,1,PAYMENT,5630.13,50661,45030.87,0,0,0,0
929,1102,3,CASH_IN,229961.93,3829576.42,4059538.35,2790518.38,2560556.45,0,0
930,1799,4,PAYMENT,2698.14,4004,1305.86,0,0,0,0
931,1132,5,CASH_OUT,198384.26,0,0,7237213.68,6724357.4,0,0
932,1800,1,PAYMENT,2074.51,12318,10243.49,0,0,0,0
933,1801,5,PAYMENT,6448.84,52102.3,45653.46,0,0,0,0
934,1802,4,CASH_IN,82172.42,651883.21,734055.62,183008.55,100836.14,0,0
935,1803,1,PAYMENT,112.56,609035.85,608923.29,0,0,0,0
936,1666,1,CASH_OUT,106267.21,0,0,241106.05,49864.36,0,0
937,1804,2,PAYMENT,4147.62,14687,10539.37,0,0,0,0
938,1491,2,CASH_IN,238861.93,1957713.69,2196575.62,12409839.49,11914710.26,0,0
939,1805,2,PAYMENT,4343.55,30732,26388.45,0,0,0,0
940,1806,1,PAYMENT,9496.55,0,0,0,0,0,0
941,1807,1,PAYMENT,3454.08,9031.96,5577.88,0,0,0,0
942,1403,1,CASH_IN,79285.8,3355479.81,3434765.61,4856516.62,22190.99,0,0
943,1246,1,CASH_IN,7322.98,6681389.66,6688712.64,64966,57643.02,0,0
944,1808,2,PAYMENT,9191.09,648557.3,639366.21,0,0,0,0
945,1809,5,PAYMENT,4026.05,10834,6807.95,0,0,0,0
946,1810,3,PAYMENT,5882.36,721,0,0,0,0,0
947,1126,2,CASH_OUT,170099.02,41945.71,0,608063,778162.02,0,0
948,1811,1,PAYMENT,3511.45,11310,7798.55,0,0,0,0
949,1812,4,PAYMENT,8958.81,0,0,0,0,0,0
950,1813,2,PAYMENT,20603.53,22143.98,1540.44,0,0,0,0
951,1814,4,CASH_IN,156238.83,9459.95,165698.79,205472,44954.99,0,0
952,1666,1,CASH_IN,203283.36,3580979.18,3784262.55,253147.73,49864.36,0,0
953,1815,3,PAYMENT,21595.02,466,0,0,0,0,0
954,1251,4,CASH_OUT,21291.89,0,0,84207.15,105680.92,0,0
955,1754,1,CASH_IN,198303.64,5628608.48,5826912.11,10059882.15,9367714.52,0,0
956,1120,1,CASH_IN,371883.82,8127159.31,8499043.13,880022.94,0,0,0
957,1816,3,CASH_IN,140313.48,906312.41,1046625.89,457666.01,411058.34,0,0
958,1817,2,PAYMENT,4054.4,10287.64,6233.24,0,0,0,0
959,1291,1,CASH_IN,96015.94,4184,100199.94,175,45881.29,0,0
960,1818,1,PAYMENT,7014.89,0,0,0,0,0,0
961,1819,5,PAYMENT,10576.89,140395.04,129818.15,0,0,0,0
962,1820,1,PAYMENT,25424.36,69756.86,44332.5,0,0,0,0
963,1821,5,PAYMENT,4477.03,0,0,0,0,0,0
964,1196,1,CASH_OUT,153596.45,711133.71,557537.26,1954368.93,2107965.39,0,0
965,1141,1,CASH_IN,90380.34,4354377.1,4444757.44,221127.9,130747.56,0,0
966,1158,2,TRANSFER,203330.05,162442,0,113152.38,379539.92,0,0
967,1822,1,PAYMENT,8148.08,5451,0,0,0,0,0
968,1666,1,CASH_IN,217668.38,1252326.68,1469995.06,347373.26,49864.36,0,0
969,1393,1,CASH_IN,1030100.15,706404.36,1736504.51,1567434.81,90450.54,0,0
970,1412,3,TRANSFER,69013.09,40038,0,68880.79,137893.88,0,0
971,1823,1,PAYMENT,2131.84,224,0,0,0,0,0
972,1824,3,CASH_OUT,22630.64,0,0,235008,259438.66,0,0
973,1825,1,PAYMENT,1994.48,59063,57068.52,0,0,0,0
974,1826,4,CASH_IN,16871.14,4692066.27,4708937.41,135715.81,118844.67,0,0
975,1554,1,DEBIT,3766.99,16600,12833.01,146166.67,46393.85,0,0
976,1291,1,CASH_IN,484.57,5422437.76,5422922.33,5638778.53,5579568.65,0,0
977,1158,3,CASH_OUT,171669.81,0,0,416581.85,259015.25,0,0
978,1182,1,CASH_OUT,607537.17,0,0,2090116.34,2107778.11,0,0
979,1400,1,CASH_OUT,83859.59,0,0,16387548.36,19169204.93,0,0
980,1827,4,TRANSFER,132948.43,0,0,203788.65,336737.08,0,0
981,1828,1,PAYMENT,1445.06,10892,9446.94,0,0,0,0
982,1829,4,PAYMENT,708.29,3225.52,2517.24,0,0,0,0
983,1830,2,PAYMENT,4994.3,32204.57,27210.28,0,0,0,0
984,1831,1,PAYMENT,8491.9,0,0,0,0,0,0
985,1832,3,PAYMENT,348.29,36357.69,36009.4,0,0,0,0
986,1833,5,TRANSFER,166567.98,80064.48,0,245770.79,412338.76,0,0
987,1834,1,PAYMENT,1284.49,42110,40825.51,0,0,0,0
988,1835,4,PAYMENT,2329.66,21816,19486.34,0,0,0,0
989,1836,1,PAYMENT,2261.94,11348,9086.06,0,0,0,0
990,1837,3,PAYMENT,1972.03,11264,9291.97,0,0,0,0
991,1838,2,CASH_OUT,55898.94,14.09,0,525593.05,792325.38,0,0
992,1839,4,PAYMENT,10739.56,6295.94,0,0,0,0,0
993,1840,1,PAYMENT,2881.51,90250,87368.49,0,0,0,0
994,1841,2,PAYMENT,30858.63,7776.65,0,0,0,0,0
995,1842,1,PAYMENT,5778.99,0,0,0,0,0,0
996,1843,1,PAYMENT,2685.44,11302,8616.56,0,0,0,0
997,1844,4,TRANSFER,36991.08,2133,0,0,36991.08,0,0
998,1485,1,CASH_IN,80487.01,5946813.8,6027300.81,358002.06,277515.05,0,0
999,1845,1,PAYMENT,5018.24,29259.83,24241.59,0,0,0,0
1000,1846,2,PAYMENT,580.51,81948,81367.49,0,0,0,0
1001,1847,4,PAYMENT,13198.22,0,0,0,0,0,0
1002,1400,1,CASH_IN,425986.84,4800759.18,5226746.02,19141841.67,18122628.7,0,0
1003,1848,1,PAYMENT,4079.37,34458,30378.63,0,0,0,0
1004,1849,1,CASH_IN,42198.41,406594.14,448792.55,49029.24,6830.83,0,0
1005,1850,2,PAYMENT,439.66,20529,20089.34,0,0,0,0
1006,1851,1,PAYMENT,372.34,65254,64881.66,0,0,0,0
1007,1852,1,PAYMENT,1456.09,101018,99561.91,0,0,0,0
1008,1283,1,CASH_OUT,161445.91,0,0,277471.11,557537.26,0,0
1009,1853,1,PAYMENT,10285.86,0,0,0,0,0,0
1010,1485,1,CASH_IN,181002.01,9224010.75,9405012.76,292975.96,277515.05,0,0
1011,1401,1,CASH_IN,160565,4118871.69,4279436.69,841929.03,1097218.45,0,0
1012,1854,5,PAYMENT,7429.59,47657,40227.41,0,0,0,0
1013,1855,5,PAYMENT,3617,3570,0,0,0,0,0
1014,1856,3,PAYMENT,1828.21,2,0,0,0,0,0
1015,1162,1,TRANSFER,3776389.09,0,0,10138670.86,16874643.09,0,0
1016,1857,4,PAYMENT,1082.07,26958,25875.93,0,0,0,0
1017,1858,1,PAYMENT,23.31,45360,45336.69,0,0,0,0
1018,1859,5,PAYMENT,4408.24,55772,51363.76,0,0,0,0
1019,1261,2,TRANSFER,365254.36,24354,0,296699.75,1528227.01,0,0
1020,1860,1,DEBIT,5423.28,20281,14857.72,11523,0,0,0
1021,1861,1,PAYMENT,10349.31,11497,1147.69,0,0,0,0
1022,1401,4,CASH_IN,340535.73,11255826.33,11596362.05,463341.64,122805.91,0,0
1023,1862,5,PAYMENT,8182.9,29705,21522.1,0,0,0,0
1024,1754,4,CASH_IN,245908.29,3232842.37,3478750.66,11964131.05,12946583.44,0,0
1025,1863,1,PAYMENT,4024.36,2671,0,0,0,0,0
1026,1864,3,PAYMENT,10105.94,49694,39588.06,0,0,0,0
1027,1865,2,PAYMENT,3597.85,45405,41807.15,0,0,0,0
1028,1866,1,PAYMENT,8550.9,40060,31509.1,0,0,0,0
1029,1146,1,CASH_OUT,36448.64,0,0,148941.17,185389.8,0,0
1030,1867,3,PAYMENT,4136.97,13759,9622.03,0,0,0,0
1031,1868,2,PAYMENT,5898.58,84672,78773.42,0,0,0,0
1032,1869,2,PAYMENT,8892.44,30607,21714.56,0,0,0,0
1033,1870,5,PAYMENT,17975.9,280350.31,262374.4,0,0,0,0
1034,1264,1,CASH_IN,184547.7,4041430.1,4225977.8,2209646.36,2025098.66,0,0
1035,1871,4,PAYMENT,16004.53,0,0,0,0,0,0
1036,1872,1,PAYMENT,10932.41,0,0,0,0,0,0
1037,1403,1,CASH_OUT,467177.03,28112.02,0,975121,22190.99,0,0
1038,1873,1,PAYMENT,9731.47,6574,0,0,0,0,0
1039,1498,1,CASH_IN,158775.58,7421528.07,7580303.64,688899.05,1412484.09,0,0
1040,1874,5,PAYMENT,30981.44,30383.06,0,0,0,0,0
1041,1875,1,PAYMENT,36651.07,74752.02,38100.95,0,0,0,0
1042,1876,1,CASH_IN,10844.67,6194838.3,6205682.96,16261.9,5417.23,0,0
1043,1877,1,PAYMENT,5334.81,1335934.41,1330599.59,0,0,0,0
1044,1878,4,PAYMENT,2619.71,111764,109144.29,0,0,0,0
1045,1879,1,PAYMENT,1834.74,40061,38226.26,0,0,0,0
1046,1880,1,PAYMENT,4280.41,253537,249256.59,0,0,0,0
1047,1881,5,PAYMENT,1925.08,50195,48269.92,0,0,0,0
1048,1882,3,PAYMENT,12208.56,0,0,0,0,0,0
1049,1883,2,DEBIT,3868.15,30695,26826.85,11142.89,15011.03,0,0
1050,1252,5,CASH_IN,75978.27,4801942.23,4877920.49,98446.83,22468.56,0,0
1051,1568,1,TRANSFER,556542.19,0,0,1183111.79,1114787.21,0,0
1052,1202,2,CASH_OUT,51630.01,0,0,10103934.01,10155564.02,0,0
1053,1884,3,PAYMENT,12827.97,20886,8058.03,0,0,0,0
1054,1885,4,PAYMENT,2906.96,125221,122314.04,0,0,0,0
1055,1886,1,PAYMENT,10627.18,6136.32,0,0,0,0,0
1056,1887,1,PAYMENT,3007.83,49905,46897.17,0,0,0,0
1057,1888,1,PAYMENT,1383.56,5309,3925.44,0,0,0,0
1058,1889,5,PAYMENT,469.63,5556,5086.37,0,0,0,0
1059,1890,3,PAYMENT,17694.76,453,0,0,0,0,0
1060,1891,1,PAYMENT,2850.6,51550.07,48699.47,0,0,0,0
1061,1892,4,CASH_IN,12510.49,2371372.82,2383883.31,24812.36,12301.87,0,0
1062,1893,2,PAYMENT,17925.91,777840.38,759914.47,0,0,0,0
1063,1894,5,PAYMENT,2261.59,11748,9486.41,0,0,0,0
1064,1895,1,PAYMENT,4043.76,54064.37,50020.61,0,0,0,0
1065,1896,1,PAYMENT,8480.48,19817,11336.52,0,0,0,0
1066,1897,4,PAYMENT,4385.26,362,0,0,0,0,0
1067,1898,5,PAYMENT,12986.85,17700.37,4713.51,0,0,0,0
1068,1130,4,CASH_IN,144517.47,6278188.01,6422705.48,397185,252667.53,0,0
1069,1899,2,PAYMENT,20144.74,684867.83,664723.1,0,0,0,0
1070,1900,1,PAYMENT,1624.03,3079,1454.97,0,0,0,0
1071,1901,4,PAYMENT,1731.42,6874.51,5143.09,0,0,0,0
1072,1114,4,CASH_IN,120836.05,6969613.45,7090449.49,6648460.76,6778025.76,0,0
1073,1182,2,CASH_IN,218881.33,5020868.75,5239750.08,1923049.64,1923836.34,0,0
1074,1902,2,PAYMENT,4696.36,2108,0,0,0,0,0
1075,1903,1,PAYMENT,10040.52,61553.96,51513.44,0,0,0,0
1076,1496,1,CASH_IN,55827.09,9907,65734.09,19873,1268668.92,0,0
1077,1904,4,CASH_OUT,41680.46,0,0,103918.69,39265.07,0,0
1078,1905,3,PAYMENT,13030.42,13485,454.58,0,0,0,0
1079,1906,2,CASH_IN,254199.52,23204.09,277403.62,23701.82,0,0,0
1080,1264,4,CASH_IN,143618.67,872307.41,1015926.08,1840076.94,1623962.37,0,0
1081,1907,1,PAYMENT,5843.74,0,0,0,0,0,0
1082,1908,2,PAYMENT,2346.51,20285.79,17939.28,0,0,0,0
1083,1909,1,PAYMENT,14204.94,0,0,0,0,0,0
1084,1910,2,PAYMENT,16811.1,71872,55060.9,0,0,0,0
1085,1288,1,CASH_OUT,125275,0,0,1477426.93,1178808.14,0,0
1086,1911,2,PAYMENT,8416.21,56060.58,47644.38,0,0,0,0
1087,1912,5,PAYMENT,38371.41,21304.32,0,0,0,0,0
1088,1913,1,DEBIT,5337.77,41720,36382.23,41898,40348.79,0,0
1089,1914,1,PAYMENT,1635.86,0,0,0,0,0,0
1090,1191,5,CASH_IN,223115.02,3918530.75,4141645.77,742165.13,217562.01,0,0
1091,1915,4,TRANSFER,14237.75,30258,16020.25,0,14237.75,0,0
1092,1487,4,CASH_IN,394042.27,2691286.16,3085328.43,489771.15,99535.4,0,0
1093,1270,1,CASH_OUT,25071.46,25071.46,0,9083.76,34155.22,1,0
1094,1916,5,TRANSFER,60726.57,60726.57,0,0,0,1,0
1095,1917,2,TRANSFER,14949.84,14949.84,0,0,0,1,0
1096,1492,2,CASH_OUT,14949.84,14949.84,0,18161.79,33111.63,1,0
1097,1918,1,TRANSFER,2806,2806,0,0,0,1,0
1098,1919,5,CASH_OUT,60726.57,60726.57,0,13010502.78,13071229.35,1,0
1099,1920,4,TRANSFER,169941.73,169941.73,0,0,0,1,0
1100,1190,3,CASH_OUT,10539.37,10539.37,0,0,10539.37,1,0
1101,1915,1,TRANSFER,235238.66,235238.66,0,0,0,1,0
