name,node_type,index
C746757564,C,1
C336400944,C,2
C1562533966,C,3
C1889457907,C,4
C1940311161,C,5
C501036152,C,6
C1594857799,C,7
C916100517,C,8
C1029898472,C,9
C1107404311,C,10
C764826684,C,11
C1416097444,C,12
C2078237101,C,13
C553879264,C,14
C619241052,C,15
C1658020779,C,16
C2076829355,C,17
C1413886848,C,18
C1990421361,C,19
C1807176280,C,20
C1655955258,C,21
C1237443220,C,22
C507061061,C,23
C1624788833,C,24
C102318785,C,25
C2017574192,C,26
C173059685,C,27
C1331654213,C,28
C1037475674,C,29
C906838480,C,30
C1865617081,C,31
C1731137986,C,32
C117839394,C,33
C1058892307,C,34
C2052457859,C,35
C443348849,C,36
C174871747,C,37
C437630857,C,38
C1720332964,C,39
C1015139714,C,40
C253348306,C,41
C973604791,C,42
C930900166,C,43
C339933064,C,44
C173431997,C,45
C1587872480,C,46
C180489140,C,47
C1470868839,C,48
C1202508091,C,49
C406180845,C,50
C1947683363,C,51
C906741317,C,52
C219286908,C,53
C2117642238,C,54
C1248435962,C,55
C701526215,C,56
C1156729376,C,57
C1091597918,C,58
C104136534,C,59
C1132379993,C,60
C575506130,C,61
C1920305914,C,62
C1332104174,C,63
C1974356511,C,64
C1534655921,C,65
C2103763750,C,66
C1800500978,C,67
C1161148117,C,68
C677007331,C,69
C577269211,C,70
C1417941371,C,71
C1785495362,C,72
C1756587746,C,73
C1671007220,C,74
C52451302,C,75
C1405055124,C,76
C2010024132,C,77
C1925059423,C,78
C704869156,C,79
C1607566361,C,80
C1465126864,C,81
C740007499,C,82
C839771540,C,83
C953253248,C,84
C322100932,C,85
C1592970214,C,86
C80504258,C,87
C1558127130,C,88
C584866226,C,89
C233315297,C,90
C1197721383,C,91
C405252209,C,92
C96749807,C,93
C249736858,C,94
C957923719,C,95
C894746048,C,96
C1538462491,C,97
C472234151,C,98
C1665837086,C,99
C233300371,C,100
C242113956,C,101
C1536399059,C,102
C134943275,C,103
C1070057268,C,104
C929706284,C,105
C2084324667,C,106
C740120508,C,107
C942444738,C,108
C722417467,C,109
C1669104653,C,110
C1572745406,C,111
C1875025322,C,112
C649681675,C,113
C1916139819,C,114
C1594981181,C,115
C737897289,C,116
C567656864,C,117
C964895360,C,118
C67570169,C,119
C1555965524,C,120
C2023917549,C,121
C647973805,C,122
C105019819,C,123
C1924966548,C,124
C1304939804,C,125
C1596144422,C,126
C2042884127,C,127
C1956244167,C,128
C1987354705,C,129
C1108136194,C,130
C1063801186,C,131
C1232948374,C,132
C2075372030,C,133
C1276365319,C,134
C1802073627,C,135
C1833592262,C,136
C1792109661,C,137
C1513071903,C,138
C1703458581,C,139
C238748521,C,140
C99042020,C,141
C1350894905,C,142
C1837195191,C,143
C2019157894,C,144
C854367376,C,145
C934352027,C,146
C959897458,C,147
C1700721442,C,148
C1983948209,C,149
C2116797172,C,150
C1273012861,C,151
C1613332278,C,152
C2035048286,C,153
C1131710157,C,154
C118887511,C,155
C889961821,C,156
C349757746,C,157
C1042863993,C,158
C421191743,C,159
C754707140,C,160
C1640832113,C,161
C1231469233,C,162
C1999695752,C,163
C1149993098,C,164
C425015667,C,165
C1052768296,C,166
C1359849336,C,167
C663083782,C,168
C663326227,C,169
C1856128687,C,170
C1152554134,C,171
C1167327028,C,172
C1955990522,C,173
C1446825265,C,174
C1377301456,C,175
C178604517,C,176
C1929649021,C,177
C589363823,C,178
C785625589,C,179
C412496882,C,180
C2000630624,C,181
C1008608255,C,182
C540537131,C,183
C58854654,C,184
C823056052,C,185
C259604245,C,186
C1448580731,C,187
C1960253514,C,188
C669725336,C,189
C53301881,C,190
C34737133,C,191
C1895102622,C,192
C1638796611,C,193
C1432599360,C,194
C1972772630,C,195
C1752365512,C,196
C1026134931,C,197
C979822206,C,198
C1160652496,C,199
C877363600,C,200
C1200293689,C,201
C1097069005,C,202
C565079667,C,203
C1856963340,C,204
C1033304734,C,205
C1560244891,C,206
C8197402,C,207
C977245867,C,208
C594651850,C,209
C1799424291,C,210
C1095203437,C,211
C1155769010,C,212
C2107706203,C,213
C1991290395,C,214
C1637601612,C,215
C94398724,C,216
C1299126654,C,217
C1844349670,C,218
C2143739483,C,219
C725177729,C,220
C1098568947,C,221
C1393484427,C,222
C266376067,C,223
C870627780,C,224
C2142411945,C,225
C780802740,C,226
C161113555,C,227
C553759818,C,228
C905488851,C,229
C1351275110,C,230
C1622863652,C,231
C792488644,C,232
C609389093,C,233
C178917238,C,234
C591589887,C,235
C969115094,C,236
C1713546896,C,237
C196340990,C,238
C2091439256,C,239
C869758554,C,240
C215759534,C,241
C1178160997,C,242
C423629474,C,243
C1800693087,C,244
C560858993,C,245
C219812012,C,246
C788048067,C,247
C697240075,C,248
C1828676092,C,249
C865858182,C,250
C1105129521,C,251
C603483530,C,252
C1740453150,C,253
C1295225869,C,254
C1627010197,C,255
C1037983544,C,256
C370361462,C,257
C959055079,C,258
C1495162836,C,259
C1186663391,C,260
C1266224518,C,261
C380616082,C,262
C1254907391,C,263
C647149086,C,264
C781091365,C,265
C341742991,C,266
C1422883946,C,267
C1484397819,C,268
C401891515,C,269
C457942549,C,270
C1645557354,C,271
C245386411,C,272
C38603201,C,273
C483248042,C,274
C1777112002,C,275
C1784551034,C,276
C475157807,C,277
C1690481990,C,278
C810196347,C,279
C905080434,C,280
C1679352734,C,281
C1011104118,C,282
C331748029,C,283
C612693043,C,284
C123418227,C,285
C1508667424,C,286
C700356991,C,287
C2036949810,C,288
C403960809,C,289
C1651754404,C,290
C1004430079,C,291
C1605988985,C,292
C507944445,C,293
C1967617997,C,294
C1535454025,C,295
C497877502,C,296
C1027319653,C,297
C1530560245,C,298
C749443480,C,299
C1825923873,C,300
C1559788797,C,301
C17680342,C,302
C820781338,C,303
C284268103,C,304
C178575564,C,305
C94748968,C,306
C438228197,C,307
C818093527,C,308
C244872973,C,309
C700348233,C,310
C720661245,C,311
C1813531981,C,312
C1475982439,C,313
C690822257,C,314
C1746570062,C,315
C2023349777,C,316
C1312762120,C,317
C359806817,C,318
C1533972343,C,319
C1493642909,C,320
C493944943,C,321
C2115597658,C,322
C465233746,C,323
C1133617880,C,324
C76032922,C,325
C749604930,C,326
C810898134,C,327
C1718906711,C,328
C904872862,C,329
C948422615,C,330
C1251897263,C,331
C708613859,C,332
C1546727972,C,333
C1687227181,C,334
C478182173,C,335
C1805845895,C,336
C211507865,C,337
C2000779038,C,338
C923032392,C,339
C614635686,C,340
C722044259,C,341
C569976699,C,342
C539682927,C,343
C1734184086,C,344
C1463823265,C,345
C1886247880,C,346
C2058127492,C,347
C2029754983,C,348
C1209358542,C,349
C1027158270,C,350
C892093608,C,351
C1918121287,C,352
C1113895488,C,353
C1815370847,C,354
C541330540,C,355
C1423491597,C,356
C1306429814,C,357
C520830206,C,358
C500096147,C,359
C1851522556,C,360
C5998675,C,361
C95369743,C,362
C1069436988,C,363
C1306067302,C,364
C605244604,C,365
C747378368,C,366
C84915002,C,367
C1260487756,C,368
C1097684722,C,369
C1638864144,C,370
C98351968,C,371
C859604881,C,372
C758572926,C,373
C154487101,C,374
C1773008684,C,375
C1784053627,C,376
C1821100643,C,377
C121521031,C,378
C1969347346,C,379
C2007031139,C,380
C1825656946,C,381
C913148823,C,382
C27294710,C,383
C1182311147,C,384
C961983234,C,385
C1376017854,C,386
C516413619,C,387
C1745608181,C,388
C648630181,C,389
C1998103567,C,390
C935522484,C,391
C156127720,C,392
C1262869688,C,393
C1758876146,C,394
C553846997,C,395
C990684641,C,396
C1492822331,C,397
C23053378,C,398
C1137401656,C,399
C1992801971,C,400
C419416684,C,401
C1744457797,C,402
C9054826,C,403
C1248079435,C,404
C2053491093,C,405
C131168518,C,406
C2146654783,C,407
C1221407133,C,408
C393183035,C,409
C247969246,C,410
C1160106451,C,411
C1689730570,C,412
C27971761,C,413
C1519482659,C,414
C1543146693,C,415
C1075082007,C,416
C1877986974,C,417
C719699252,C,418
C388802347,C,419
C1521986562,C,420
C1481751887,C,421
C1119277260,C,422
C1182725120,C,423
C1338074614,C,424
C867093003,C,425
C810262298,C,426
C1264966132,C,427
C488898339,C,428
C992086987,C,429
C259077766,C,430
C1802736936,C,431
C727666004,C,432
C433767126,C,433
C50720817,C,434
C1787987889,C,435
C585803886,C,436
C1262609629,C,437
C436028378,C,438
C416878771,C,439
C90628418,C,440
C589094312,C,441
C1811880447,C,442
C509632753,C,443
C536674580,C,444
C1901272535,C,445
C1632497828,C,446
C1038820134,C,447
C2053136992,C,448
C344080246,C,449
C685934,C,450
C913806791,C,451
C1322623408,C,452
C1291627539,C,453
C1454171136,C,454
C55226986,C,455
C512256603,C,456
C983767354,C,457
C200598670,C,458
C2114553545,C,459
C690287064,C,460
C435297131,C,461
C1110195322,C,462
C1276761134,C,463
C248146548,C,464
C719528798,C,465
C953492906,C,466
C1670993182,C,467
C989440614,C,468
C276714561,C,469
C853343978,C,470
C423711439,C,471
C1629353699,C,472
C409596180,C,473
C1879219501,C,474
C407493402,C,475
C2017393480,C,476
C1660837991,C,477
C567852222,C,478
C40910225,C,479
C1071933072,C,480
C325674467,C,481
C805659195,C,482
C144445623,C,483
C1917442783,C,484
C375097969,C,485
C1171178358,C,486
C2005762793,C,487
C802628402,C,488
C243575009,C,489
C743778731,C,490
C308221618,C,491
C10915321,C,492
C369901249,C,493
C467313213,C,494
C1538844412,C,495
C2093996783,C,496
C1962189498,C,497
C1380583278,C,498
C1093707336,C,499
C276922182,C,500
C1969752268,C,501
C1100619942,C,502
C490630452,C,503
C976827477,C,504
C856047451,C,505
C1043535321,C,506
C1847431070,C,507
C415768786,C,508
C162674722,C,509
C1394010463,C,510
C1128158063,C,511
C198374825,C,512
C234857227,C,513
C402808914,C,514
C1963980755,C,515
C276970866,C,516
C1237144823,C,517
C192428201,C,518
C1835316563,C,519
C28318221,C,520
C10380027,C,521
C382698552,C,522
C1032568028,C,523
C289214325,C,524
C2014777783,C,525
C752060661,C,526
C544386226,C,527
C1306794745,C,528
C2027701910,C,529
C805976295,C,530
C633226335,C,531
C515482607,C,532
C1824225917,C,533
C888289302,C,534
C1947666055,C,535
C1859823482,C,536
C1042366725,C,537
C1717967062,C,538
C1403649277,C,539
C1108889615,C,540
C1805412777,C,541
C1051304081,C,542
C1720865719,C,543
C675100200,C,544
C1694408103,C,545
C1527007086,C,546
C109065770,C,547
C2125470482,C,548
C177389135,C,549
C1660325375,C,550
C832743930,C,551
C2023501911,C,552
C89144801,C,553
C1573356572,C,554
C1340086275,C,555
C470187021,C,556
C234223040,C,557
C1969856053,C,558
C265373577,C,559
C304504964,C,560
C843299092,C,561
C1244536402,C,562
C83534488,C,563
C1824242116,C,564
C2066892165,C,565
C1709580464,C,566
C1677309282,C,567
C125865913,C,568
C1639319040,C,569
C2052223881,C,570
C864326906,C,571
C1639765351,C,572
C639542871,C,573
C621502043,C,574
C424944647,C,575
C1021656938,C,576
C507765539,C,577
C215478702,C,578
C1989332276,C,579
C767535474,C,580
C1271515799,C,581
C2111247080,C,582
C918606013,C,583
C754072705,C,584
C739264372,C,585
C500660587,C,586
C100445376,C,587
C961859592,C,588
C1458091526,C,589
C977160959,C,590
C1166021410,C,591
C843005078,C,592
C1070523353,C,593
C194107588,C,594
C460741164,C,595
C1871838170,C,596
C1238013097,C,597
C1543518287,C,598
C634991000,C,599
C953528583,C,600
C515244925,C,601
C97901029,C,602
C628694336,C,603
C170778406,C,604
C1916677384,C,605
C1928254791,C,606
C602830277,C,607
C2109615807,C,608
C925829785,C,609
C635610193,C,610
C103787801,C,611
C2076611420,C,612
C514556983,C,613
C1412656257,C,614
C662433937,C,615
C668568559,C,616
C2092709730,C,617
C629790599,C,618
C842331982,C,619
C209360730,C,620
C1907028305,C,621
C1011044643,C,622
C1147394515,C,623
C1821010113,C,624
C1209962934,C,625
C1942612200,C,626
C1088491512,C,627
C1061018585,C,628
C482885994,C,629
C1500020749,C,630
C322830747,C,631
C547441493,C,632
C1677115089,C,633
C789367604,C,634
C773238925,C,635
C728740247,C,636
C1719990258,C,637
C800218956,C,638
C1947941827,C,639
C1978869783,C,640
C691096777,C,641
C2044082767,C,642
C865744496,C,643
C1172417096,C,644
C1080743637,C,645
C65894433,C,646
C373703332,C,647
C1105090408,C,648
C1088417975,C,649
C1667348377,C,650
C1063494931,C,651
C1355676410,C,652
C2018794816,C,653
C78109530,C,654
C1531200408,C,655
C324507700,C,656
C554515010,C,657
C718512571,C,658
C628392976,C,659
C1717473929,C,660
C1105958076,C,661
C753705711,C,662
C246168102,C,663
C1526250321,C,664
C745287727,C,665
C906448455,C,666
C1768952842,C,667
C20804602,C,668
C936368668,C,669
C1824418025,C,670
C2029780820,C,671
C800456240,C,672
C683718244,C,673
C1991201238,C,674
C780172372,C,675
C486759395,C,676
C356347252,C,677
C646445398,C,678
C1790387225,C,679
C1290614253,C,680
C1197498159,C,681
C332365138,C,682
C819790006,C,683
C1878413714,C,684
C164183318,C,685
C977997405,C,686
C15477956,C,687
C1623761043,C,688
C293618119,C,689
C1780293706,C,690
C1765900922,C,691
C1518204977,C,692
C1248276879,C,693
C79121205,C,694
C643328884,C,695
C929757060,C,696
C261216862,C,697
C1644529474,C,698
C827328832,C,699
C843100836,C,700
C328140385,C,701
C2125625192,C,702
C1666544295,C,703
C2099932844,C,704
C628064884,C,705
C2053425932,C,706
C1371397528,C,707
C1552445522,C,708
C1711185459,C,709
C1218496682,C,710
C1531409183,C,711
C1887466020,C,712
C1544031987,C,713
C1137078855,C,714
C2022562847,C,715
C298156448,C,716
C1590404373,C,717
C653337757,C,718
C1146222092,C,719
C931003277,C,720
C1278790934,C,721
C697460450,C,722
C1555793073,C,723
C1997357673,C,724
C1185575212,C,725
C1562950869,C,726
C326362094,C,727
C1291486201,C,728
C637091966,C,729
C523331047,C,730
C2076029472,C,731
C1192529727,C,732
C734275312,C,733
C1821335795,C,734
C1715602761,C,735
C793521364,C,736
C955875766,C,737
C1832657711,C,738
C878861517,C,739
C1079190991,C,740
C1144653485,C,741
C559998250,C,742
C913902572,C,743
C1574509514,C,744
C577948592,C,745
C138733165,C,746
C1506648430,C,747
C1191864687,C,748
C1378559537,C,749
C730584984,C,750
C1655242052,C,751
C1910098693,C,752
C512238546,C,753
C532068603,C,754
C1361609751,C,755
C502863983,C,756
C1217347025,C,757
C1840217399,C,758
C1767532961,C,759
C332139408,C,760
C1910896157,C,761
C245530164,C,762
C1193398802,C,763
C674233333,C,764
C926188689,C,765
C1269773610,C,766
C1265324882,C,767
C1464177809,C,768
C1288163341,C,769
C1393198164,C,770
C274725976,C,771
C1957175487,C,772
C80756779,C,773
C798278875,C,774
C615853374,C,775
C1862994526,C,776
C1272753974,C,777
C1092023914,C,778
C1798299644,C,779
C425275537,C,780
C379121284,C,781
C1867176619,C,782
C83210381,C,783
C409007038,C,784
C1366629983,C,785
C1505424071,C,786
C2075454833,C,787
C1964926542,C,788
C1250499735,C,789
C455888635,C,790
C1018094504,C,791
C1348115836,C,792
C619985571,C,793
C1925785585,C,794
C1531506932,C,795
C1354510873,C,796
C1235908203,C,797
C569894199,C,798
C1232433403,C,799
C291651850,C,800
C599316979,C,801
C1898870910,C,802
C510368405,C,803
C1625901537,C,804
C1794531113,C,805
C271002555,C,806
C1583082378,C,807
C1091234211,C,808
C1547521797,C,809
C1590129041,C,810
C356691811,C,811
C1692036285,C,812
C767436045,C,813
C1302459274,C,814
C890525812,C,815
C523528914,C,816
C1289213409,C,817
C1406253491,C,818
C89509666,C,819
C597364637,C,820
C104803851,C,821
C2138849804,C,822
C2063786038,C,823
C1959239586,C,824
C388623360,C,825
C1060549703,C,826
C1194870779,C,827
C1765702,C,828
C1966670937,C,829
C1114335860,C,830
C1123559518,C,831
C2142129482,C,832
C1951500432,C,833
C483635512,C,834
C1290698656,C,835
C1003206025,C,836
C533173186,C,837
C382441865,C,838
C1771965424,C,839
C986944742,C,840
C1198197478,C,841
C1848778141,C,842
C702500163,C,843
C478139423,C,844
C222088774,C,845
C626961003,C,846
C458817438,C,847
C802270602,C,848
C1131786259,C,849
C459030111,C,850
C159562640,C,851
C848187074,C,852
C1048712791,C,853
C712732521,C,854
C116184677,C,855
C1560379655,C,856
C1202220987,C,857
C371976476,C,858
C1145302895,C,859
C1223303171,C,860
C1438000681,C,861
C1230507176,C,862
C727497138,C,863
C763236610,C,864
C1017792343,C,865
C1623060829,C,866
C934617920,C,867
C1928983164,C,868
C499950630,C,869
C2068126708,C,870
C1156135967,C,871
C14050562,C,872
C665565246,C,873
C1835777333,C,874
C1613514326,C,875
C1767230265,C,876
C518167684,C,877
C1100109058,C,878
C1229143192,C,879
C300526628,C,880
C793293778,C,881
C210474732,C,882
C159116975,C,883
C1129442657,C,884
C1153025988,C,885
C1053632127,C,886
C243440025,C,887
C1150436743,C,888
C466577384,C,889
C1999036805,C,890
C1062181581,C,891
C948960194,C,892
C1642973315,C,893
C757099121,C,894
C173791568,C,895
C867288517,C,896
C442205321,C,897
C2015999862,C,898
C1111041582,C,899
C632206764,C,900
C1312843412,C,901
C1246807878,C,902
C1039759545,C,903
C1641059445,C,904
C2016142571,C,905
C1498016680,C,906
C1323706655,C,907
C936544568,C,908
C577734751,C,909
C125802780,C,910
C1903051549,C,911
C222300483,C,912
C1427775702,C,913
C20084184,C,914
C2029372696,C,915
C1312348533,C,916
C1149388444,C,917
C402578964,C,918
C1991386317,C,919
C1502668485,C,920
C469816326,C,921
C2118413714,C,922
C369805307,C,923
C463381475,C,924
C2119713755,C,925
C1373949107,C,926
C1466917878,C,927
C364480205,C,928
C428061834,C,929
C1534265514,C,930
C1813742285,C,931
C1486553742,C,932
C1218734863,C,933
C599592065,C,934
C167013780,C,935
C487416600,C,936
C716951769,C,937
C1407986024,C,938
C863286716,C,939
C2144912729,C,940
C686349795,C,941
C1340848245,C,942
C913242382,C,943
C1694102613,C,944
C1814554368,C,945
C1792826268,C,946
C1909367224,C,947
C2088582214,C,948
C218857805,C,949
C1133288103,C,950
C72893188,C,951
C334099170,C,952
C1797763792,C,953
C2034385122,C,954
C478123697,C,955
C1061448687,C,956
C1232631679,C,957
C1514687713,C,958
C821342630,C,959
C1818440653,C,960
C327845331,C,961
C1886381510,C,962
C1131963943,C,963
C979532928,C,964
C1270383967,C,965
C778330045,C,966
C1413886135,C,967
C662925691,C,968
C1579139754,C,969
C2139788372,C,970
C1987977423,C,971
C591352568,C,972
C884111637,C,973
C2089317615,C,974
C2021053848,C,975
C1859216983,C,976
C687608114,C,977
C1082795132,C,978
C119112899,C,979
C885481831,C,980
C207546206,C,981
C592655690,C,982
C875456779,C,983
C795748540,C,984
C1727776231,C,985
C263111287,C,986
C648358364,C,987
C747343328,C,988
C817018735,C,989
C2082115343,C,990
C1578959831,C,991
C956448191,C,992
C854653864,C,993
C495289088,C,994
C546446235,C,995
C1725054538,C,996
C1402400433,C,997
C1407167674,C,998
C1074630954,C,999
C1109966680,C,1000
C398777435,C,1001
C1237743088,C,1002
C206310209,C,1003
C2054077982,C,1004
C361423492,C,1005
C872522004,C,1006
C93798665,C,1007
C1586470445,C,1008
C1709578324,C,1009
C1917082298,C,1010
C275002771,C,1011
C317051873,C,1012
C857811226,C,1013
C736874772,C,1014
C197491520,C,1015
C30573521,C,1016
C273777019,C,1017
C1387462740,C,1018
C316731851,C,1019
C2139168000,C,1020
C308021294,C,1021
C1751972013,C,1022
C2102534528,C,1023
C705400860,C,1024
C1265012928,C,1025
C233142783,C,1026
C1564473433,C,1027
C1795225096,C,1028
C1492219097,C,1029
C2133359512,C,1030
C1982216126,C,1031
C240959474,C,1032
C437306494,C,1033
C1206946689,C,1034
C1101970356,C,1035
C1428494531,C,1036
C1338905451,C,1037
C1685134322,C,1038
C798622145,C,1039
C877959545,C,1040
C15892131,C,1041
C37268876,C,1042
C1401295795,C,1043
C1239935217,C,1044
C851480926,C,1045
C589016913,C,1046
C606061176,C,1047
C441683672,C,1048
C1916269505,C,1049
C1694355353,C,1050
C1046056441,C,1051
C224219987,C,1052
C1515282013,C,1053
C38914319,C,1054
C949673757,C,1055
C440736059,C,1056
C1818449913,C,1057
C1592713508,C,1058
C339881373,C,1059
C1760401098,C,1060
C1804292128,C,1061
C1182469998,C,1062
C2124645278,C,1063
C1538511917,C,1064
C1482429406,C,1065
C771359425,C,1066
C1385208471,C,1067
C1137180298,C,1068
C1406763631,C,1069
C1158124724,C,1070
C1629595613,C,1071
C1185465012,C,1072
C1846307450,C,1073
C348209600,C,1074
C2143571436,C,1075
C1959708563,C,1076
C200452658,C,1077
C1857063398,C,1078
C1697976702,C,1079
C871115788,C,1080
C1821580597,C,1081
C1704927850,C,1082
C205278236,C,1083
C1457499015,C,1084
C1538849250,C,1085
C107632469,C,1086
C1562883265,C,1087
C712410124,C,1088
C1074844820,C,1089
C892299047,C,1090
C54440148,C,1091
C1733354369,C,1092
C1275464847,C,1093
C383882703,C,1094
C140702728,C,1095
C395257482,C,1096
C1420196421,C,1097
C840095827,C,1098
C540962910,C,1099
C1984954272,C,1100
C1872047468,C,1101
C451111351,C,1102
M1019157412,M,1103
M37235503,M,1104
M1771040410,M,1105
M1515016092,M,1106
C1831477404,C,1107
C2140846441,C,1108
M88332821,M,1109
M461516748,M,1110
M1182758821,M,1111
M1940055334,M,1112
M369333979,M,1113
C1916720513,C,1114
C1750905143,C,1115
C1292838001,C,1116
M2022285740,M,1117
M1418245573,M,1118
M135920409,M,1119
C1971489295,C,1120
M1107772887,M,1121
C740950652,C,1122
M317960117,M,1123
M968957548,M,1124
C1256728724,C,1125
C914293025,C,1126
C1899073220,C,1127
M1633566545,M,1128
C392292416,C,1129
C1750563752,C,1130
C33524623,C,1131
C932583850,C,1132
M852760745,M,1133
M2092912524,M,1134
C985934102,C,1135
M1477431915,M,1136
M1475842502,M,1137
M539425791,M,1138
M287056540,M,1139
M2013768748,M,1140
C1060830840,C,1141
C1859965144,C,1142
C1291286504,C,1143
M1512822728,M,1144
M1426725223,M,1145
C832279283,C,1146
M1196200241,M,1147
M1665324560,M,1148
C54617902,C,1149
C796533847,C,1150
M518739992,M,1151
M408543908,M,1152
M463690173,M,1153
M1716661933,M,1154
C1498438472,C,1155
M171751994,M,1156
C357863579,C,1157
C2118255842,C,1158
C13329486,C,1159
M1220524164,M,1160
M335107734,M,1161
C1883840933,C,1162
M516875052,M,1163
C1604271704,C,1164
M774501006,M,1165
M937366737,M,1166
C625232315,C,1167
M762628123,M,1168
M650013863,M,1169
C811597470,C,1170
C728526866,C,1171
C1740000325,C,1172
M982054651,M,1173
M1559817679,M,1174
M1971152916,M,1175
C2001112025,C,1176
C564160838,C,1177
M644718663,M,1178
M1463835093,M,1179
M870593736,M,1180
C1135523296,C,1181
C1286084959,C,1182
C1886938557,C,1183
M1488550933,M,1184
M747158012,M,1185
M976949492,M,1186
C2134357721,C,1187
M333828675,M,1188
M1913425792,M,1189
C124540047,C,1190
C481402298,C,1191
C1782113663,C,1192
C824208363,C,1193
M460922314,M,1194
C1877453512,C,1195
C1360767589,C,1196
M1370231468,M,1197
M1340644388,M,1198
M795275472,M,1199
M1602069459,M,1200
M2022012779,M,1201
C11003494,C,1202
C77811359,C,1203
M1306535359,M,1204
C1255024717,C,1205
M1796938191,M,1206
M1841099284,M,1207
M1416415959,M,1208
M1128266449,M,1209
M1353406178,M,1210
C564742142,C,1211
M1815025408,M,1212
M1413005690,M,1213
C40075281,C,1214
M209667159,M,1215
C1335050193,C,1216
M879924346,M,1217
M2092885124,M,1218
C1167066016,C,1219
M1551263930,M,1220
M178259104,M,1221
M1961510626,M,1222
C24119573,C,1223
M22690626,M,1224
M391827378,M,1225
C977993101,C,1226
M1370456137,M,1227
M677217562,M,1228
M917190676,M,1229
M294116482,M,1230
C1068824137,C,1231
M2116511124,M,1232
M1680841335,M,1233
M1743696656,M,1234
M1597400455,M,1235
M468776694,M,1236
C1870252780,C,1237
M364266169,M,1238
M955153053,M,1239
M63169379,M,1240
M2135563436,M,1241
M354502944,M,1242
C1531333864,C,1243
M316355462,M,1244
C1538745405,C,1245
C146305349,C,1246
M1727373358,M,1247
M2120404899,M,1248
C466505482,C,1249
C345679794,C,1250
C459857341,C,1251
C1261031890,C,1252
C75457651,C,1253
C1330106945,C,1254
M1917214386,M,1255
M938199512,M,1256
C920011586,C,1257
M305468700,M,1258
M1667534569,M,1259
M124454336,M,1260
C1504109395,C,1261
M216746962,M,1262
M1752829504,M,1263
C1234776885,C,1264
M1678557259,M,1265
M1631143060,M,1266
M1370495328,M,1267
C1782580546,C,1268
M1450174524,M,1269
C1364913072,C,1270
M251074782,M,1271
M286559682,M,1272
M208437930,M,1273
M1831705084,M,1274
M1976870927,M,1275
M1185618138,M,1276
M1778877569,M,1277
M1604342290,M,1278
M75356024,M,1279
C644345897,C,1280
M1472012329,M,1281
M45880026,M,1282
C557041912,C,1283
M319426406,M,1284
M842957574,M,1285
C1891031939,C,1286
M116356643,M,1287
C401424608,C,1288
C1587143371,C,1289
C929856893,C,1290
C657736958,C,1291
C214774813,C,1292
M505756829,M,1293
C306206744,C,1294
M814245389,M,1295
C558216562,C,1296
M588503940,M,1297
M102052782,M,1298
C2094777811,C,1299
C775514090,C,1300
M873105556,M,1301
C1062254208,C,1302
M485237151,M,1303
C20671747,C,1304
M1590202270,M,1305
M1904720585,M,1306
M1777163938,M,1307
M2129844134,M,1308
C99219259,C,1309
C769342184,C,1310
C1825027294,C,1311
M554146322,M,1312
C64133603,C,1313
C248609774,C,1314
C1428469551,C,1315
C2007149130,C,1316
C665576141,C,1317
M577038898,M,1318
M2041386868,M,1319
M1655740181,M,1320
M133177937,M,1321
M2076014264,M,1322
M1444912530,M,1323
M744316958,M,1324
M281487983,M,1325
M2070160397,M,1326
M758104368,M,1327
M2013332834,M,1328
M1213367860,M,1329
M1688310330,M,1330
M1141354562,M,1331
M1188871851,M,1332
M323981046,M,1333
M1422273905,M,1334
M441672036,M,1335
M1625321341,M,1336
C1832532108,C,1337
M2114537280,M,1338
M1811787796,M,1339
C476402209,C,1340
C691404076,C,1341
M1056185446,M,1342
M1622613647,M,1343
M466319810,M,1344
C1810132623,C,1345
M248705782,M,1346
M684429600,M,1347
M1564892747,M,1348
M1379148981,M,1349
M1134202713,M,1350
M726843606,M,1351
M215690645,M,1352
M925410680,M,1353
M633079302,M,1354
M796553753,M,1355
M883735648,M,1356
M1980194149,M,1357
M1332121385,M,1358
M448843184,M,1359
M271514713,M,1360
M1944815218,M,1361
M1719547057,M,1362
C2089016471,C,1363
M451312813,M,1364
C2083562754,C,1365
M1984294974,M,1366
M1834755909,M,1367
M1555990397,M,1368
M688722159,M,1369
M2122837918,M,1370
M824900551,M,1371
M1101451553,M,1372
C1671179293,C,1373
C884457408,C,1374
M1175154004,M,1375
C1983747920,C,1376
M1922881634,M,1377
M1234654510,M,1378
M748006558,M,1379
M505316221,M,1380
C476179877,C,1381
M896945135,M,1382
M1891535340,M,1383
C423583818,C,1384
M1622362417,M,1385
C22805895,C,1386
M209029677,M,1387
M538618049,M,1388
C667346055,C,1389
M1452355939,M,1390
C1380361139,C,1391
M174515584,M,1392
C747464370,C,1393
M644399750,M,1394
M1582427182,M,1395
C990398217,C,1396
M1032382137,M,1397
C1359044626,C,1398
M1801021153,M,1399
C1590550415,C,1400
C998351292,C,1401
M351216770,M,1402
C1170794006,C,1403
C1860513229,C,1404
M1377992370,M,1405
C997608398,C,1406
M135002781,M,1407
M46852536,M,1408
M455668354,M,1409
M1848760713,M,1410
M934223763,M,1411
C885951223,C,1412
M1812861879,M,1413
M162752456,M,1414
M127356954,M,1415
M683573228,M,1416
C662736689,C,1417
M855724043,M,1418
C1067155425,C,1419
C909295153,C,1420
C838411509,C,1421
M1276002922,M,1422
C1540270363,C,1423
C1789550256,C,1424
M1732663543,M,1425
C1826334428,C,1426
M2057077925,M,1427
M1179272258,M,1428
M824915171,M,1429
C1816757085,C,1430
C1471633238,C,1431
M1914108708,M,1432
M581383895,M,1433
C721748895,C,1434
M1060928475,M,1435
M1681259036,M,1436
M1681094402,M,1437
C1963862935,C,1438
M1999135146,M,1439
M1796615884,M,1440
M2090142523,M,1441
M651992021,M,1442
M1866002564,M,1443
M818546553,M,1444
C1753885705,C,1445
M2090289474,M,1446
M2118482375,M,1447
M1718322084,M,1448
M554634433,M,1449
M725579524,M,1450
M1253827612,M,1451
M268490061,M,1452
M1135278099,M,1453
C1321640594,C,1454
M731243659,M,1455
M1962398162,M,1456
M1647243882,M,1457
M1601935322,M,1458
C453211571,C,1459
C1526298704,C,1460
M1444642131,M,1461
M587180314,M,1462
C317071334,C,1463
M511357840,M,1464
M765990740,M,1465
M1802555899,M,1466
M1105282397,M,1467
M132423149,M,1468
M188241890,M,1469
M33419717,M,1470
C1961176822,C,1471
C1259769769,C,1472
C1854778591,C,1473
M416285645,M,1474
C1832580921,C,1475
M630298110,M,1476
M698272400,M,1477
M326611360,M,1478
C968113504,C,1479
C461160828,C,1480
M404947798,M,1481
M926837661,M,1482
M261849385,M,1483
C1100439041,C,1484
C1749186397,C,1485
M1256893889,M,1486
C187649742,C,1487
M1238994373,M,1488
M99808631,M,1489
M290509937,M,1490
C1262822392,C,1491
C1032986144,C,1492
M1541433310,M,1493
M1541427914,M,1494
C543409470,C,1495
C1850180796,C,1496
M1487559828,M,1497
C1023714065,C,1498
M1635082651,M,1499
M651433745,M,1500
M1083086553,M,1501
C1823014131,C,1502
M777341499,M,1503
C575335780,C,1504
C1182461167,C,1505
M682981033,M,1506
M405488475,M,1507
M2045913001,M,1508
C1134894336,C,1509
M1580751727,M,1510
M1644128841,M,1511
M759840275,M,1512
M87242619,M,1513
M1857007886,M,1514
M356539350,M,1515
C716083600,C,1516
M1626478944,M,1517
M144467413,M,1518
M1296654536,M,1519
M81269359,M,1520
M1218405027,M,1521
M1672736386,M,1522
M2095710480,M,1523
M1801422599,M,1524
M1399225534,M,1525
M785848103,M,1526
M542202332,M,1527
C1339858954,C,1528
C991505714,C,1529
C1674899618,C,1530
M1357700757,M,1531
M1345293143,M,1532
M1553616699,M,1533
M1563528849,M,1534
M215694469,M,1535
M1731654671,M,1536
C1529115495,C,1537
M228904713,M,1538
M1528574692,M,1539
C1941598182,C,1540
M1275028674,M,1541
M385131456,M,1542
M1392886653,M,1543
M1530206433,M,1544
M1892470159,M,1545
M793269462,M,1546
M251664534,M,1547
C215145189,C,1548
M966005897,M,1549
M855286124,M,1550
M1298650532,M,1551
M332498651,M,1552
M814377348,M,1553
C1123629720,C,1554
M1063573827,M,1555
M1839613624,M,1556
M1040093935,M,1557
C990355670,C,1558
M1958310934,M,1559
M552260985,M,1560
C1330400026,C,1561
M670503317,M,1562
C614685048,C,1563
C1955948959,C,1564
M1324526451,M,1565
M1872088401,M,1566
M47719432,M,1567
C1721246982,C,1568
M54176060,M,1569
M1190608890,M,1570
M1044639817,M,1571
M740827140,M,1572
M1738784081,M,1573
C1556995360,C,1574
M1969958288,M,1575
M1730595945,M,1576
C173783788,C,1577
M1264674474,M,1578
M1916681239,M,1579
M607578671,M,1580
M1716551994,M,1581
M53851094,M,1582
M809383315,M,1583
M1708490318,M,1584
M1778375336,M,1585
C1453128758,C,1586
C1454031203,C,1587
M1205580258,M,1588
C995911260,C,1589
C634440506,C,1590
M358019805,M,1591
M262878641,M,1592
M882053845,M,1593
M70978270,M,1594
M2089786414,M,1595
M348148678,M,1596
C1467740330,C,1597
C2050019814,C,1598
M2130242983,M,1599
M1536728519,M,1600
M783339262,M,1601
M23604842,M,1602
C1668376627,C,1603
M598183031,M,1604
C1577213552,C,1605
M774610771,M,1606
M314966354,M,1607
M712753515,M,1608
M1002406942,M,1609
M1599566873,M,1610
M463313451,M,1611
M1094446968,M,1612
M781527109,M,1613
C153950082,C,1614
M1454795302,M,1615
C1509514333,C,1616
M896475319,M,1617
M1807911555,M,1618
M2100572327,M,1619
M931987151,M,1620
M1121370413,M,1621
M280078161,M,1622
M611890729,M,1623
M485686996,M,1624
M1344519051,M,1625
M689208338,M,1626
M1164699452,M,1627
M742672280,M,1628
M967631271,M,1629
M1825662118,M,1630
M1822115007,M,1631
C1992550266,C,1632
M785271142,M,1633
M1180105925,M,1634
M769132147,M,1635
C1049817027,C,1636
M710623214,M,1637
M170611939,M,1638
M1658511941,M,1639
M828088650,M,1640
M240000757,M,1641
M177901251,M,1642
M181022659,M,1643
M556773329,M,1644
M1634319881,M,1645
M2044282225,M,1646
M415906914,M,1647
M109069556,M,1648
M2019482012,M,1649
M1442707449,M,1650
M1637000661,M,1651
M591247593,M,1652
M2123846943,M,1653
M1027200,M,1654
M767764251,M,1655
M627411361,M,1656
M1896558831,M,1657
M1798667958,M,1658
M2111615196,M,1659
M1416706187,M,1660
M46627301,M,1661
M1250603112,M,1662
M2021835850,M,1663
M391928890,M,1664
M840737335,M,1665
C476800120,C,1666
M1828724670,M,1667
C434091818,C,1668
M1456006896,M,1669
M366752671,M,1670
M2007004340,M,1671
M977972728,M,1672
M1800959603,M,1673
M746394140,M,1674
M1041326823,M,1675
M66515916,M,1676
M1533434416,M,1677
M1574503358,M,1678
M1073051173,M,1679
M1276666395,M,1680
M398644489,M,1681
M203048480,M,1682
M345865414,M,1683
M1624203949,M,1684
M34150451,M,1685
M598049166,M,1686
M1260043537,M,1687
M1483243447,M,1688
C63387985,C,1689
M453398853,M,1690
M1041255755,M,1691
M1994634331,M,1692
M493294557,M,1693
M506775047,M,1694
M1749372629,M,1695
M49969897,M,1696
M1497268815,M,1697
C1688019098,C,1698
M1641027464,M,1699
M1505774574,M,1700
M1564078808,M,1701
C1511785794,C,1702
M1776186092,M,1703
M1385966234,M,1704
M216421817,M,1705
M5313207,M,1706
M204805934,M,1707
M1772358460,M,1708
C875917495,C,1709
M449338124,M,1710
M93974967,M,1711
M9843062,M,1712
M854202039,M,1713
C1568059495,C,1714
M185203393,M,1715
M2134195609,M,1716
M1407858699,M,1717
M923570200,M,1718
M832145584,M,1719
M294817977,M,1720
M1178777373,M,1721
M248495761,M,1722
M1923232046,M,1723
C1222590577,C,1724
M2001882279,M,1725
M1184974266,M,1726
C85777802,C,1727
M1806880779,M,1728
M1637613097,M,1729
C766681183,C,1730
M1561668557,M,1731
M623131585,M,1732
C515132998,C,1733
M1744032146,M,1734
M1682157864,M,1735
M655304911,M,1736
C1651855867,C,1737
M80026551,M,1738
M1280443567,M,1739
M989889899,M,1740
M628487793,M,1741
M1040015904,M,1742
M1968038739,M,1743
M820959908,M,1744
C1711105800,C,1745
C846947180,C,1746
M485542604,M,1747
M326376794,M,1748
M2002190941,M,1749
M487792155,M,1750
M256346753,M,1751
M612937843,M,1752
M2118571592,M,1753
C97730845,C,1754
M173259631,M,1755
M1381386227,M,1756
M106113013,M,1757
M1205483858,M,1758
M1276894402,M,1759
C831775261,C,1760
C187019413,C,1761
C2117043942,C,1762
C191614132,C,1763
M1776486598,M,1764
M1549623669,M,1765
M1610372241,M,1766
M593103894,M,1767
M2088969892,M,1768
M333693383,M,1769
M1962049725,M,1770
C766572210,C,1771
M1288052401,M,1772
M790689709,M,1773
M108271693,M,1774
M1493158871,M,1775
M407241000,M,1776
M1598047636,M,1777
M173060252,M,1778
M1972326147,M,1779
M937936076,M,1780
C242131142,C,1781
C1446521801,C,1782
M1846539844,M,1783
M2097992252,M,1784
C1491676195,C,1785
C373928166,C,1786
M571481216,M,1787
M1468343491,M,1788
M922992444,M,1789
C1917025677,C,1790
M1457551880,M,1791
M380390717,M,1792
M314562573,M,1793
M178401052,M,1794
M1168076863,M,1795
M1189651769,M,1796
C1297685781,C,1797
M1807207655,M,1798
M1118442276,M,1799
M571956559,M,1800
M338048780,M,1801
C1065443868,C,1802
M416049054,M,1803
M190967225,M,1804
M720803395,M,1805
M1153511683,M,1806
M1831010686,M,1807
M1566200241,M,1808
M1455019071,M,1809
M432112141,M,1810
M620456576,M,1811
M1826705682,M,1812
M877898962,M,1813
C1860564101,C,1814
M1337347604,M,1815
C836514715,C,1816
M244430068,M,1817
M65305091,M,1818
M1889371810,M,1819
M1813375175,M,1820
M493844439,M,1821
M1693997031,M,1822
M61073295,M,1823
C413177525,C,1824
M703440120,M,1825
C1163619825,C,1826
C1850042097,C,1827
M1218519094,M,1828
M2088687402,M,1829
M1159329398,M,1830
M2081000371,M,1831
M162320368,M,1832
C1183572822,C,1833
M643587433,M,1834
M1337294771,M,1835
M1457148583,M,1836
M925955862,M,1837
C2063763486,C,1838
M439010439,M,1839
M1415439780,M,1840
M1995997657,M,1841
M141015648,M,1842
M917277283,M,1843
C1129670968,C,1844
M167175174,M,1845
M1756988236,M,1846
M1796154990,M,1847
M1989219205,M,1848
C597190999,C,1849
M1357597228,M,1850
M1348916831,M,1851
M41092582,M,1852
M22446425,M,1853
M1590892341,M,1854
M1036283684,M,1855
M188193734,M,1856
M1713589007,M,1857
M891894789,M,1858
M2137741298,M,1859
C367746789,C,1860
M1481594007,M,1861
M267400033,M,1862
M1176932104,M,1863
M2037498537,M,1864
M851116146,M,1865
M790094605,M,1866
M1183065103,M,1867
M1268237485,M,1868
M1372150180,M,1869
M222947526,M,1870
M184410212,M,1871
M443110940,M,1872
M379430898,M,1873
M340418158,M,1874
M484841769,M,1875
C510113906,C,1876
M519019247,M,1877
M666586565,M,1878
M275754769,M,1879
M293870357,M,1880
M1551301860,M,1881
M2022768790,M,1882
C1318822808,C,1883
M1111100957,M,1884
M1713988669,M,1885
M1999664216,M,1886
M955324150,M,1887
M1495161082,M,1888
M1657624109,M,1889
M381768094,M,1890
M1829966070,M,1891
C1935365522,C,1892
M1195473402,M,1893
M381118552,M,1894
M1542856295,M,1895
M410958248,M,1896
M1662312252,M,1897
M920914400,M,1898
M512029640,M,1899
M658281599,M,1900
M824348035,M,1901
M1636256669,M,1902
M2117099736,M,1903
C1774531247,C,1904
M1901752553,M,1905
C1353512285,C,1906
M1152488702,M,1907
M48522228,M,1908
M399653041,M,1909
M1901824111,M,1910
M1998224723,M,1911
M1356806123,M,1912
C195600860,C,1913
M874153561,M,1914
C116289363,C,1915
C1807010830,C,1916
C634210724,C,1917
C972765878,C,1918
C803116137,C,1919
C2127862399,C,1920
